Indicador,Clave_Indicador,Estado_ID,Periodo,Valor
0 a 4 años (Hombres),1002000059,00,2020,5077482.0
0 a 4 años (Hombres),1002000059,01,2020,62978.0
0 a 4 años (Hombres),1002000059,02,2020,134410.0
0 a 4 años (Hombres),1002000059,03,2020,31479.0
0 a 4 años (Hombres),1002000059,04,2020,39817.0
0 a 4 años (Hombres),1002000059,05,2020,141812.0
0 a 4 años (Hombres),1002000059,06,2020,26532.0
0 a 4 años (Hombres),1002000059,07,2020,288911.0
0 a 4 años (Hombres),1002000059,08,2020,147610.0
0 a 4 años (Hombres),1002000059,09,2020,242877.0
0 a 4 años (Hombres),1002000059,10,2020,85081.0
0 a 4 años (Hombres),1002000059,11,2020,272745.0
0 a 4 años (Hombres),1002000059,12,2020,169332.0
0 a 4 años (Hombres),1002000059,13,2020,120314.0
0 a 4 años (Hombres),1002000059,14,2020,339122.0
0 a 4 años (Hombres),1002000059,15,2020,644777.0
0 a 4 años (Hombres),1002000059,16,2020,216825.0
0 a 4 años (Hombres),1002000059,17,2020,73680.0
0 a 4 años (Hombres),1002000059,18,2020,52602.0
0 a 4 años (Hombres),1002000059,19,2020,229807.0
0 a 4 años (Hombres),1002000059,20,2020,181303.0
0 a 4 años (Hombres),1002000059,21,2020,292266.0
0 a 4 años (Hombres),1002000059,22,2020,94523.0
0 a 4 años (Hombres),1002000059,23,2020,75158.0
0 a 4 años (Hombres),1002000059,24,2020,116331.0
0 a 4 años (Hombres),1002000059,25,2020,120045.0
0 a 4 años (Hombres),1002000059,26,2020,110604.0
0 a 4 años (Hombres),1002000059,27,2020,104669.0
0 a 4 años (Hombres),1002000059,28,2020,137176.0
0 a 4 años (Hombres),1002000059,29,2020,55685.0
0 a 4 años (Hombres),1002000059,30,2020,303113.0
0 a 4 años (Hombres),1002000059,31,2020,89335.0
0 a 4 años (Hombres),1002000059,32,2020,76563.0
5 a 9 años (Hombres),1002000089,00,2020,5453091.0
5 a 9 años (Hombres),1002000089,01,2020,66359.0
5 a 9 años (Hombres),1002000089,02,2020,152609.0
5 a 9 años (Hombres),1002000089,03,2020,33962.0
5 a 9 años (Hombres),1002000089,04,2020,41624.0
5 a 9 años (Hombres),1002000089,05,2020,140417.0
5 a 9 años (Hombres),1002000089,06,2020,30646.0
5 a 9 años (Hombres),1002000089,07,2020,308758.0
5 a 9 años (Hombres),1002000089,08,2020,161182.0
5 a 9 años (Hombres),1002000089,09,2020,286280.0
5 a 9 años (Hombres),1002000089,10,2020,89816.0
5 a 9 años (Hombres),1002000089,11,2020,277429.0
5 a 9 años (Hombres),1002000089,12,2020,177163.0
5 a 9 años (Hombres),1002000089,13,2020,136027.0
5 a 9 años (Hombres),1002000089,14,2020,363911.0
5 a 9 años (Hombres),1002000089,15,2020,699573.0
5 a 9 años (Hombres),1002000089,16,2020,223382.0
5 a 9 años (Hombres),1002000089,17,2020,80637.0
5 a 9 años (Hombres),1002000089,18,2020,58000.0
5 a 9 años (Hombres),1002000089,19,2020,235679.0
5 a 9 años (Hombres),1002000089,20,2020,195501.0
5 a 9 años (Hombres),1002000089,21,2020,302188.0
5 a 9 años (Hombres),1002000089,22,2020,99958.0
5 a 9 años (Hombres),1002000089,23,2020,78621.0
5 a 9 años (Hombres),1002000089,24,2020,122972.0
5 a 9 años (Hombres),1002000089,25,2020,127811.0
5 a 9 años (Hombres),1002000089,26,2020,125202.0
5 a 9 años (Hombres),1002000089,27,2020,113706.0
5 a 9 años (Hombres),1002000089,28,2020,149315.0
5 a 9 años (Hombres),1002000089,29,2020,59685.0
5 a 9 años (Hombres),1002000089,30,2020,342335.0
5 a 9 años (Hombres),1002000089,31,2020,93902.0
5 a 9 años (Hombres),1002000089,32,2020,78441.0
10 a 14 años (Hombres),1002000062,00,2020,5554260.0
10 a 14 años (Hombres),1002000062,01,2020,66080.0
10 a 14 años (Hombres),1002000062,02,2020,159306.0
10 a 14 años (Hombres),1002000062,03,2020,34455.0
10 a 14 años (Hombres),1002000062,04,2020,41047.0
10 a 14 años (Hombres),1002000062,05,2020,136301.0
10 a 14 años (Hombres),1002000062,06,2020,30952.0
10 a 14 años (Hombres),1002000062,07,2020,295114.0
10 a 14 años (Hombres),1002000062,08,2020,169615.0
10 a 14 años (Hombres),1002000062,09,2020,309140.0
10 a 14 años (Hombres),1002000062,10,2020,86764.0
10 a 14 años (Hombres),1002000062,11,2020,278676.0
10 a 14 años (Hombres),1002000062,12,2020,176233.0
10 a 14 años (Hombres),1002000062,13,2020,143492.0
10 a 14 años (Hombres),1002000062,14,2020,364020.0
10 a 14 años (Hombres),1002000062,15,2020,740376.0
10 a 14 años (Hombres),1002000062,16,2020,215932.0
10 a 14 años (Hombres),1002000062,17,2020,83391.0
10 a 14 años (Hombres),1002000062,18,2020,57726.0
10 a 14 años (Hombres),1002000062,19,2020,235404.0
10 a 14 años (Hombres),1002000062,20,2020,201586.0
10 a 14 años (Hombres),1002000062,21,2020,305853.0
10 a 14 años (Hombres),1002000062,22,2020,100847.0
10 a 14 años (Hombres),1002000062,23,2020,78464.0
10 a 14 años (Hombres),1002000062,24,2020,128254.0
10 a 14 años (Hombres),1002000062,25,2020,132511.0
10 a 14 años (Hombres),1002000062,26,2020,132191.0
10 a 14 años (Hombres),1002000062,27,2020,113492.0
10 a 14 años (Hombres),1002000062,28,2020,155866.0
10 a 14 años (Hombres),1002000062,29,2020,60747.0
10 a 14 años (Hombres),1002000062,30,2020,347680.0
10 a 14 años (Hombres),1002000062,31,2020,95833.0
10 a 14 años (Hombres),1002000062,32,2020,76912.0
15 a 19 años (Hombres),1002000068,00,2020,5462150.0
15 a 19 años (Hombres),1002000068,01,2020,66903.0
15 a 19 años (Hombres),1002000068,02,2020,161298.0
15 a 19 años (Hombres),1002000068,03,2020,33788.0
15 a 19 años (Hombres),1002000068,04,2020,38468.0
15 a 19 años (Hombres),1002000068,05,2020,136850.0
15 a 19 años (Hombres),1002000068,06,2020,30667.0
15 a 19 años (Hombres),1002000068,07,2020,262521.0
15 a 19 años (Hombres),1002000068,08,2020,165942.0
15 a 19 años (Hombres),1002000068,09,2020,331109.0
15 a 19 años (Hombres),1002000068,10,2020,82839.0
15 a 19 años (Hombres),1002000068,11,2020,277977.0
15 a 19 años (Hombres),1002000068,12,2020,162620.0
15 a 19 años (Hombres),1002000068,13,2020,137426.0
15 a 19 años (Hombres),1002000068,14,2020,362796.0
15 a 19 años (Hombres),1002000068,15,2020,747531.0
15 a 19 años (Hombres),1002000068,16,2020,204821.0
15 a 19 años (Hombres),1002000068,17,2020,84628.0
15 a 19 años (Hombres),1002000068,18,2020,52792.0
15 a 19 años (Hombres),1002000068,19,2020,240241.0
15 a 19 años (Hombres),1002000068,20,2020,178973.0
15 a 19 años (Hombres),1002000068,21,2020,305827.0
15 a 19 años (Hombres),1002000068,22,2020,99841.0
15 a 19 años (Hombres),1002000068,23,2020,74516.0
15 a 19 años (Hombres),1002000068,24,2020,127984.0
15 a 19 años (Hombres),1002000068,25,2020,132551.0
15 a 19 años (Hombres),1002000068,26,2020,130755.0
15 a 19 años (Hombres),1002000068,27,2020,105289.0
15 a 19 años (Hombres),1002000068,28,2020,149235.0
15 a 19 años (Hombres),1002000068,29,2020,61532.0
15 a 19 años (Hombres),1002000068,30,2020,344153.0
15 a 19 años (Hombres),1002000068,31,2020,99417.0
15 a 19 años (Hombres),1002000068,32,2020,70860.0
20 a 24 años (Hombres),1002000071,00,2020,5165884.0
20 a 24 años (Hombres),1002000071,01,2020,63154.0
20 a 24 años (Hombres),1002000071,02,2020,173450.0
20 a 24 años (Hombres),1002000071,03,2020,34418.0
20 a 24 años (Hombres),1002000071,04,2020,37277.0
20 a 24 años (Hombres),1002000071,05,2020,133659.0
20 a 24 años (Hombres),1002000071,06,2020,29637.0
20 a 24 años (Hombres),1002000071,07,2020,223732.0
20 a 24 años (Hombres),1002000071,08,2020,157281.0
20 a 24 años (Hombres),1002000071,09,2020,359049.0
20 a 24 años (Hombres),1002000071,10,2020,76936.0
20 a 24 años (Hombres),1002000071,11,2020,267148.0
20 a 24 años (Hombres),1002000071,12,2020,133690.0
20 a 24 años (Hombres),1002000071,13,2020,116241.0
20 a 24 años (Hombres),1002000071,14,2020,351982.0
20 a 24 años (Hombres),1002000071,15,2020,705458.0
20 a 24 años (Hombres),1002000071,16,2020,191587.0
20 a 24 años (Hombres),1002000071,17,2020,79566.0
20 a 24 años (Hombres),1002000071,18,2020,48537.0
20 a 24 años (Hombres),1002000071,19,2020,255533.0
20 a 24 años (Hombres),1002000071,20,2020,147137.0
20 a 24 años (Hombres),1002000071,21,2020,279374.0
20 a 24 años (Hombres),1002000071,22,2020,104347.0
20 a 24 años (Hombres),1002000071,23,2020,83186.0
20 a 24 años (Hombres),1002000071,24,2020,113430.0
20 a 24 años (Hombres),1002000071,25,2020,127976.0
20 a 24 años (Hombres),1002000071,26,2020,125586.0
20 a 24 años (Hombres),1002000071,27,2020,91925.0
20 a 24 años (Hombres),1002000071,28,2020,142117.0
20 a 24 años (Hombres),1002000071,29,2020,56738.0
20 a 24 años (Hombres),1002000071,30,2020,292359.0
20 a 24 años (Hombres),1002000071,31,2020,100085.0
20 a 24 años (Hombres),1002000071,32,2020,63289.0
25 a 29 años (Hombres),1002000074,00,2020,4861404.0
25 a 29 años (Hombres),1002000074,01,2020,58141.0
25 a 29 años (Hombres),1002000074,02,2020,166250.0
25 a 29 años (Hombres),1002000074,03,2020,35046.0
25 a 29 años (Hombres),1002000074,04,2020,35046.0
25 a 29 años (Hombres),1002000074,05,2020,122570.0
25 a 29 años (Hombres),1002000074,06,2020,28584.0
25 a 29 años (Hombres),1002000074,07,2020,198455.0
25 a 29 años (Hombres),1002000074,08,2020,147844.0
25 a 29 años (Hombres),1002000074,09,2020,372081.0
25 a 29 años (Hombres),1002000074,10,2020,69038.0
25 a 29 años (Hombres),1002000074,11,2020,242026.0
25 a 29 años (Hombres),1002000074,12,2020,118352.0
25 a 29 años (Hombres),1002000074,13,2020,108338.0
25 a 29 años (Hombres),1002000074,14,2020,331070.0
25 a 29 años (Hombres),1002000074,15,2020,667933.0
25 a 29 años (Hombres),1002000074,16,2020,176271.0
25 a 29 años (Hombres),1002000074,17,2020,74612.0
25 a 29 años (Hombres),1002000074,18,2020,45237.0
25 a 29 años (Hombres),1002000074,19,2020,248479.0
25 a 29 años (Hombres),1002000074,20,2020,141381.0
25 a 29 años (Hombres),1002000074,21,2020,251899.0
25 a 29 años (Hombres),1002000074,22,2020,105543.0
25 a 29 años (Hombres),1002000074,23,2020,93034.0
25 a 29 años (Hombres),1002000074,24,2020,106032.0
25 a 29 años (Hombres),1002000074,25,2020,113467.0
25 a 29 años (Hombres),1002000074,26,2020,114152.0
25 a 29 años (Hombres),1002000074,27,2020,85425.0
25 a 29 años (Hombres),1002000074,28,2020,131093.0
25 a 29 años (Hombres),1002000074,29,2020,50890.0
25 a 29 años (Hombres),1002000074,30,2020,272684.0
25 a 29 años (Hombres),1002000074,31,2020,94526.0
25 a 29 años (Hombres),1002000074,32,2020,55905.0
30 a 34 años (Hombres),1002000077,00,2020,4527726.0
30 a 34 años (Hombres),1002000077,01,2020,51651.0
30 a 34 años (Hombres),1002000077,02,2020,152164.0
30 a 34 años (Hombres),1002000077,03,2020,34653.0
30 a 34 años (Hombres),1002000077,04,2020,34557.0
30 a 34 años (Hombres),1002000077,05,2020,110882.0
30 a 34 años (Hombres),1002000077,06,2020,27688.0
30 a 34 años (Hombres),1002000077,07,2020,184761.0
30 a 34 años (Hombres),1002000077,08,2020,135649.0
30 a 34 años (Hombres),1002000077,09,2020,363448.0
30 a 34 años (Hombres),1002000077,10,2020,63232.0
30 a 34 años (Hombres),1002000077,11,2020,218363.0
30 a 34 años (Hombres),1002000077,12,2020,109644.0
30 a 34 años (Hombres),1002000077,13,2020,102706.0
30 a 34 años (Hombres),1002000077,14,2020,312917.0
30 a 34 años (Hombres),1002000077,15,2020,615018.0
30 a 34 años (Hombres),1002000077,16,2020,162946.0
30 a 34 años (Hombres),1002000077,17,2020,67970.0
30 a 34 años (Hombres),1002000077,18,2020,43990.0
30 a 34 años (Hombres),1002000077,19,2020,227051.0
30 a 34 años (Hombres),1002000077,20,2020,132924.0
30 a 34 años (Hombres),1002000077,21,2020,221145.0
30 a 34 años (Hombres),1002000077,22,2020,94293.0
30 a 34 años (Hombres),1002000077,23,2020,88048.0
30 a 34 años (Hombres),1002000077,24,2020,96754.0
30 a 34 años (Hombres),1002000077,25,2020,105280.0
30 a 34 años (Hombres),1002000077,26,2020,107455.0
30 a 34 años (Hombres),1002000077,27,2020,85667.0
30 a 34 años (Hombres),1002000077,28,2020,125288.0
30 a 34 años (Hombres),1002000077,29,2020,45384.0
30 a 34 años (Hombres),1002000077,30,2020,263409.0
30 a 34 años (Hombres),1002000077,31,2020,89203.0
30 a 34 años (Hombres),1002000077,32,2020,53586.0
35 a 39 años (Hombres),1002000080,00,2020,4331530.0
35 a 39 años (Hombres),1002000080,01,2020,47774.0
35 a 39 años (Hombres),1002000080,02,2020,148169.0
35 a 39 años (Hombres),1002000080,03,2020,33289.0
35 a 39 años (Hombres),1002000080,04,2020,33611.0
35 a 39 años (Hombres),1002000080,05,2020,109371.0
35 a 39 años (Hombres),1002000080,06,2020,26634.0
35 a 39 años (Hombres),1002000080,07,2020,174270.0
35 a 39 años (Hombres),1002000080,08,2020,130612.0
35 a 39 años (Hombres),1002000080,09,2020,340545.0
35 a 39 años (Hombres),1002000080,10,2020,57634.0
35 a 39 años (Hombres),1002000080,11,2020,208278.0
35 a 39 años (Hombres),1002000080,12,2020,102989.0
35 a 39 años (Hombres),1002000080,13,2020,101835.0
35 a 39 años (Hombres),1002000080,14,2020,295336.0
35 a 39 años (Hombres),1002000080,15,2020,596686.0
35 a 39 años (Hombres),1002000080,16,2020,151597.0
35 a 39 años (Hombres),1002000080,17,2020,63749.0
35 a 39 años (Hombres),1002000080,18,2020,41559.0
35 a 39 años (Hombres),1002000080,19,2020,215999.0
35 a 39 años (Hombres),1002000080,20,2020,127897.0
35 a 39 años (Hombres),1002000080,21,2020,212520.0
35 a 39 años (Hombres),1002000080,22,2020,87967.0
35 a 39 años (Hombres),1002000080,23,2020,81665.0
35 a 39 años (Hombres),1002000080,24,2020,90728.0
35 a 39 años (Hombres),1002000080,25,2020,100764.0
35 a 39 años (Hombres),1002000080,26,2020,103839.0
35 a 39 años (Hombres),1002000080,27,2020,84231.0
35 a 39 años (Hombres),1002000080,28,2020,125261.0
35 a 39 años (Hombres),1002000080,29,2020,43586.0
35 a 39 años (Hombres),1002000080,30,2020,258605.0
35 a 39 años (Hombres),1002000080,31,2020,84877.0
35 a 39 años (Hombres),1002000080,32,2020,49653.0
40 a 44 años (Hombres),1002000083,00,2020,4062304.0
40 a 44 años (Hombres),1002000083,01,2020,43839.0
40 a 44 años (Hombres),1002000083,02,2020,138332.0
40 a 44 años (Hombres),1002000083,03,2020,30390.0
40 a 44 años (Hombres),1002000083,04,2020,30761.0
40 a 44 años (Hombres),1002000083,05,2020,106991.0
40 a 44 años (Hombres),1002000083,06,2020,24786.0
40 a 44 años (Hombres),1002000083,07,2020,156472.0
40 a 44 años (Hombres),1002000083,08,2020,124354.0
40 a 44 años (Hombres),1002000083,09,2020,317312.0
40 a 44 años (Hombres),1002000083,10,2020,55778.0
40 a 44 años (Hombres),1002000083,11,2020,192549.0
40 a 44 años (Hombres),1002000083,12,2020,97642.0
40 a 44 años (Hombres),1002000083,13,2020,97725.0
40 a 44 años (Hombres),1002000083,14,2020,266310.0
40 a 44 años (Hombres),1002000083,15,2020,563714.0
40 a 44 años (Hombres),1002000083,16,2020,142585.0
40 a 44 años (Hombres),1002000083,17,2020,60716.0
40 a 44 años (Hombres),1002000083,18,2020,39971.0
40 a 44 años (Hombres),1002000083,19,2020,204944.0
40 a 44 años (Hombres),1002000083,20,2020,120384.0
40 a 44 años (Hombres),1002000083,21,2020,196550.0
40 a 44 años (Hombres),1002000083,22,2020,79318.0
40 a 44 años (Hombres),1002000083,23,2020,68835.0
40 a 44 años (Hombres),1002000083,24,2020,85394.0
40 a 44 años (Hombres),1002000083,25,2020,99977.0
40 a 44 años (Hombres),1002000083,26,2020,101577.0
40 a 44 años (Hombres),1002000083,27,2020,79123.0
40 a 44 años (Hombres),1002000083,28,2020,120639.0
40 a 44 años (Hombres),1002000083,29,2020,41550.0
40 a 44 años (Hombres),1002000083,30,2020,247288.0
40 a 44 años (Hombres),1002000083,31,2020,77759.0
40 a 44 años (Hombres),1002000083,32,2020,48739.0
45 a 49 años (Hombres),1002000086,00,2020,3812344.0
45 a 49 años (Hombres),1002000086,01,2020,40163.0
45 a 49 años (Hombres),1002000086,02,2020,134187.0
45 a 49 años (Hombres),1002000086,03,2020,26718.0
45 a 49 años (Hombres),1002000086,04,2020,28036.0
45 a 49 años (Hombres),1002000086,05,2020,100846.0
45 a 49 años (Hombres),1002000086,06,2020,23147.0
45 a 49 años (Hombres),1002000086,07,2020,135809.0
45 a 49 años (Hombres),1002000086,08,2020,123238.0
45 a 49 años (Hombres),1002000086,09,2020,313846.0
45 a 49 años (Hombres),1002000086,10,2020,52309.0
45 a 49 años (Hombres),1002000086,11,2020,174419.0
45 a 49 años (Hombres),1002000086,12,2020,89571.0
45 a 49 años (Hombres),1002000086,13,2020,91193.0
45 a 49 años (Hombres),1002000086,14,2020,248266.0
45 a 49 años (Hombres),1002000086,15,2020,542558.0
45 a 49 años (Hombres),1002000086,16,2020,129380.0
45 a 49 años (Hombres),1002000086,17,2020,58030.0
45 a 49 años (Hombres),1002000086,18,2020,37298.0
45 a 49 años (Hombres),1002000086,19,2020,194154.0
45 a 49 años (Hombres),1002000086,20,2020,108738.0
45 a 49 años (Hombres),1002000086,21,2020,178206.0
45 a 49 años (Hombres),1002000086,22,2020,71841.0
45 a 49 años (Hombres),1002000086,23,2020,59554.0
45 a 49 años (Hombres),1002000086,24,2020,80668.0
45 a 49 años (Hombres),1002000086,25,2020,94386.0
45 a 49 años (Hombres),1002000086,26,2020,96274.0
45 a 49 años (Hombres),1002000086,27,2020,70224.0
45 a 49 años (Hombres),1002000086,28,2020,115498.0
45 a 49 años (Hombres),1002000086,29,2020,37282.0
45 a 49 años (Hombres),1002000086,30,2020,240159.0
45 a 49 años (Hombres),1002000086,31,2020,70247.0
45 a 49 años (Hombres),1002000086,32,2020,46099.0
50 a 54 años (Hombres),1002000092,00,2020,3332163.0
50 a 54 años (Hombres),1002000092,01,2020,34611.0
50 a 54 años (Hombres),1002000092,02,2020,112789.0
50 a 54 años (Hombres),1002000092,03,2020,21910.0
50 a 54 años (Hombres),1002000092,04,2020,24392.0
50 a 54 años (Hombres),1002000092,05,2020,86423.0
50 a 54 años (Hombres),1002000092,06,2020,20037.0
50 a 54 años (Hombres),1002000092,07,2020,117157.0
50 a 54 años (Hombres),1002000092,08,2020,107604.0
50 a 54 años (Hombres),1002000092,09,2020,286394.0
50 a 54 años (Hombres),1002000092,10,2020,45980.0
50 a 54 años (Hombres),1002000092,11,2020,148310.0
50 a 54 años (Hombres),1002000092,12,2020,80393.0
50 a 54 años (Hombres),1002000092,13,2020,79935.0
50 a 54 años (Hombres),1002000092,14,2020,210067.0
50 a 54 años (Hombres),1002000092,15,2020,473362.0
50 a 54 años (Hombres),1002000092,16,2020,113217.0
50 a 54 años (Hombres),1002000092,17,2020,52588.0
50 a 54 años (Hombres),1002000092,18,2020,31691.0
50 a 54 años (Hombres),1002000092,19,2020,164492.0
50 a 54 años (Hombres),1002000092,20,2020,96862.0
50 a 54 años (Hombres),1002000092,21,2020,153039.0
50 a 54 años (Hombres),1002000092,22,2020,59009.0
50 a 54 años (Hombres),1002000092,23,2020,47616.0
50 a 54 años (Hombres),1002000092,24,2020,72445.0
50 a 54 años (Hombres),1002000092,25,2020,83272.0
50 a 54 años (Hombres),1002000092,26,2020,84122.0
50 a 54 años (Hombres),1002000092,27,2020,62842.0
50 a 54 años (Hombres),1002000092,28,2020,102541.0
50 a 54 años (Hombres),1002000092,29,2020,32540.0
50 a 54 años (Hombres),1002000092,30,2020,227672.0
50 a 54 años (Hombres),1002000092,31,2020,57886.0
50 a 54 años (Hombres),1002000092,32,2020,40965.0
55 a 59 años (Hombres),1002000095,00,2020,2692976.0
55 a 59 años (Hombres),1002000095,01,2020,27608.0
55 a 59 años (Hombres),1002000095,02,2020,84778.0
55 a 59 años (Hombres),1002000095,03,2020,16905.0
55 a 59 años (Hombres),1002000095,04,2020,19857.0
55 a 59 años (Hombres),1002000095,05,2020,69115.0
55 a 59 años (Hombres),1002000095,06,2020,16843.0
55 a 59 años (Hombres),1002000095,07,2020,94905.0
55 a 59 años (Hombres),1002000095,08,2020,84028.0
55 a 59 años (Hombres),1002000095,09,2020,239651.0
55 a 59 años (Hombres),1002000095,10,2020,37971.0
55 a 59 años (Hombres),1002000095,11,2020,116934.0
55 a 59 años (Hombres),1002000095,12,2020,69264.0
55 a 59 años (Hombres),1002000095,13,2020,65244.0
55 a 59 años (Hombres),1002000095,14,2020,167535.0
55 a 59 años (Hombres),1002000095,15,2020,373977.0
55 a 59 años (Hombres),1002000095,16,2020,94210.0
55 a 59 años (Hombres),1002000095,17,2020,44357.0
55 a 59 años (Hombres),1002000095,18,2020,26262.0
55 a 59 años (Hombres),1002000095,19,2020,126971.0
55 a 59 años (Hombres),1002000095,20,2020,83007.0
55 a 59 años (Hombres),1002000095,21,2020,123605.0
55 a 59 años (Hombres),1002000095,22,2020,46132.0
55 a 59 años (Hombres),1002000095,23,2020,33514.0
55 a 59 años (Hombres),1002000095,24,2020,59294.0
55 a 59 años (Hombres),1002000095,25,2020,68641.0
55 a 59 años (Hombres),1002000095,26,2020,68807.0
55 a 59 años (Hombres),1002000095,27,2020,51906.0
55 a 59 años (Hombres),1002000095,28,2020,81176.0
55 a 59 años (Hombres),1002000095,29,2020,26186.0
55 a 59 años (Hombres),1002000095,30,2020,192522.0
55 a 59 años (Hombres),1002000095,31,2020,48826.0
55 a 59 años (Hombres),1002000095,32,2020,32945.0
60 a 64 años (Hombres),1002000098,00,2020,2257862.0
60 a 64 años (Hombres),1002000098,01,2020,22435.0
60 a 64 años (Hombres),1002000098,02,2020,65287.0
60 a 64 años (Hombres),1002000098,03,2020,13415.0
60 a 64 años (Hombres),1002000098,04,2020,16020.0
60 a 64 años (Hombres),1002000098,05,2020,57307.0
60 a 64 años (Hombres),1002000098,06,2020,14473.0
60 a 64 años (Hombres),1002000098,07,2020,77668.0
60 a 64 años (Hombres),1002000098,08,2020,66530.0
60 a 64 años (Hombres),1002000098,09,2020,209065.0
60 a 64 años (Hombres),1002000098,10,2020,31635.0
60 a 64 años (Hombres),1002000098,11,2020,99483.0
60 a 64 años (Hombres),1002000098,12,2020,59295.0
60 a 64 años (Hombres),1002000098,13,2020,55713.0
60 a 64 años (Hombres),1002000098,14,2020,144991.0
60 a 64 años (Hombres),1002000098,15,2020,307001.0
60 a 64 años (Hombres),1002000098,16,2020,83238.0
60 a 64 años (Hombres),1002000098,17,2020,39123.0
60 a 64 años (Hombres),1002000098,18,2020,22763.0
60 a 64 años (Hombres),1002000098,19,2020,103697.0
60 a 64 años (Hombres),1002000098,20,2020,72135.0
60 a 64 años (Hombres),1002000098,21,2020,104369.0
60 a 64 años (Hombres),1002000098,22,2020,37769.0
60 a 64 años (Hombres),1002000098,23,2020,24175.0
60 a 64 años (Hombres),1002000098,24,2020,51031.0
60 a 64 años (Hombres),1002000098,25,2020,58938.0
60 a 64 años (Hombres),1002000098,26,2020,58841.0
60 a 64 años (Hombres),1002000098,27,2020,41416.0
60 a 64 años (Hombres),1002000098,28,2020,66775.0
60 a 64 años (Hombres),1002000098,29,2020,21684.0
60 a 64 años (Hombres),1002000098,30,2020,162999.0
60 a 64 años (Hombres),1002000098,31,2020,40883.0
60 a 64 años (Hombres),1002000098,32,2020,27708.0
65 a 69 años (Hombres),1002000101,00,2020,1706850.0
65 a 69 años (Hombres),1002000101,01,2020,16698.0
65 a 69 años (Hombres),1002000101,02,2020,44982.0
65 a 69 años (Hombres),1002000101,03,2020,9587.0
65 a 69 años (Hombres),1002000101,04,2020,12530.0
65 a 69 años (Hombres),1002000101,05,2020,40630.0
65 a 69 años (Hombres),1002000101,06,2020,10602.0
65 a 69 años (Hombres),1002000101,07,2020,62035.0
65 a 69 años (Hombres),1002000101,08,2020,47253.0
65 a 69 años (Hombres),1002000101,09,2020,157245.0
65 a 69 años (Hombres),1002000101,10,2020,23758.0
65 a 69 años (Hombres),1002000101,11,2020,75898.0
65 a 69 años (Hombres),1002000101,12,2020,48671.0
65 a 69 años (Hombres),1002000101,13,2020,44117.0
65 a 69 años (Hombres),1002000101,14,2020,111583.0
65 a 69 años (Hombres),1002000101,15,2020,221241.0
65 a 69 años (Hombres),1002000101,16,2020,66427.0
65 a 69 años (Hombres),1002000101,17,2020,30758.0
65 a 69 años (Hombres),1002000101,18,2020,18563.0
65 a 69 años (Hombres),1002000101,19,2020,72766.0
65 a 69 años (Hombres),1002000101,20,2020,58872.0
65 a 69 años (Hombres),1002000101,21,2020,80892.0
65 a 69 años (Hombres),1002000101,22,2020,26736.0
65 a 69 años (Hombres),1002000101,23,2020,16738.0
65 a 69 años (Hombres),1002000101,24,2020,39217.0
65 a 69 años (Hombres),1002000101,25,2020,45164.0
65 a 69 años (Hombres),1002000101,26,2020,42358.0
65 a 69 años (Hombres),1002000101,27,2020,31582.0
65 a 69 años (Hombres),1002000101,28,2020,47520.0
65 a 69 años (Hombres),1002000101,29,2020,15919.0
65 a 69 años (Hombres),1002000101,30,2020,130731.0
65 a 69 años (Hombres),1002000101,31,2020,34270.0
65 a 69 años (Hombres),1002000101,32,2020,21507.0
70 a 74 años (Hombres),1002000104,00,2020,1233492.0
70 a 74 años (Hombres),1002000104,01,2020,11782.0
70 a 74 años (Hombres),1002000104,02,2020,30812.0
70 a 74 años (Hombres),1002000104,03,2020,6165.0
70 a 74 años (Hombres),1002000104,04,2020,8668.0
70 a 74 años (Hombres),1002000104,05,2020,29458.0
70 a 74 años (Hombres),1002000104,06,2020,7710.0
70 a 74 años (Hombres),1002000104,07,2020,43119.0
70 a 74 años (Hombres),1002000104,08,2020,34187.0
70 a 74 años (Hombres),1002000104,09,2020,115130.0
70 a 74 años (Hombres),1002000104,10,2020,17758.0
70 a 74 años (Hombres),1002000104,11,2020,55393.0
70 a 74 años (Hombres),1002000104,12,2020,36646.0
70 a 74 años (Hombres),1002000104,13,2020,31397.0
70 a 74 años (Hombres),1002000104,14,2020,84464.0
70 a 74 años (Hombres),1002000104,15,2020,152248.0
70 a 74 años (Hombres),1002000104,16,2020,50515.0
70 a 74 años (Hombres),1002000104,17,2020,22462.0
70 a 74 años (Hombres),1002000104,18,2020,13560.0
70 a 74 años (Hombres),1002000104,19,2020,53640.0
70 a 74 años (Hombres),1002000104,20,2020,43728.0
70 a 74 años (Hombres),1002000104,21,2020,58004.0
70 a 74 años (Hombres),1002000104,22,2020,18799.0
70 a 74 años (Hombres),1002000104,23,2020,10704.0
70 a 74 años (Hombres),1002000104,24,2020,30156.0
70 a 74 años (Hombres),1002000104,25,2020,34107.0
70 a 74 años (Hombres),1002000104,26,2020,29386.0
70 a 74 años (Hombres),1002000104,27,2020,20321.0
70 a 74 años (Hombres),1002000104,28,2020,33955.0
70 a 74 años (Hombres),1002000104,29,2020,11325.0
70 a 74 años (Hombres),1002000104,30,2020,95435.0
70 a 74 años (Hombres),1002000104,31,2020,25378.0
70 a 74 años (Hombres),1002000104,32,2020,17080.0
75 a 79 años (Hombres),1002000107,00,2020,847898.0
75 a 79 años (Hombres),1002000107,01,2020,7739.0
75 a 79 años (Hombres),1002000107,02,2020,18833.0
75 a 79 años (Hombres),1002000107,03,2020,3984.0
75 a 79 años (Hombres),1002000107,04,2020,5984.0
75 a 79 años (Hombres),1002000107,05,2020,18836.0
75 a 79 años (Hombres),1002000107,06,2020,5101.0
75 a 79 años (Hombres),1002000107,07,2020,31971.0
75 a 79 años (Hombres),1002000107,08,2020,23473.0
75 a 79 años (Hombres),1002000107,09,2020,74210.0
75 a 79 años (Hombres),1002000107,10,2020,12593.0
75 a 79 años (Hombres),1002000107,11,2020,38242.0
75 a 79 años (Hombres),1002000107,12,2020,27472.0
75 a 79 años (Hombres),1002000107,13,2020,22656.0
75 a 79 años (Hombres),1002000107,14,2020,56892.0
75 a 79 años (Hombres),1002000107,15,2020,97227.0
75 a 79 años (Hombres),1002000107,16,2020,35694.0
75 a 79 años (Hombres),1002000107,17,2020,15608.0
75 a 79 años (Hombres),1002000107,18,2020,9792.0
75 a 79 años (Hombres),1002000107,19,2020,35523.0
75 a 79 años (Hombres),1002000107,20,2020,34298.0
75 a 79 años (Hombres),1002000107,21,2020,41799.0
75 a 79 años (Hombres),1002000107,22,2020,12516.0
75 a 79 años (Hombres),1002000107,23,2020,6268.0
75 a 79 años (Hombres),1002000107,24,2020,22290.0
75 a 79 años (Hombres),1002000107,25,2020,23904.0
75 a 79 años (Hombres),1002000107,26,2020,19677.0
75 a 79 años (Hombres),1002000107,27,2020,14369.0
75 a 79 años (Hombres),1002000107,28,2020,23565.0
75 a 79 años (Hombres),1002000107,29,2020,8240.0
75 a 79 años (Hombres),1002000107,30,2020,68964.0
75 a 79 años (Hombres),1002000107,31,2020,17163.0
75 a 79 años (Hombres),1002000107,32,2020,13015.0
80 a 84 años (Hombres),1002000110,00,2020,523812.0
80 a 84 años (Hombres),1002000110,01,2020,4397.0
80 a 84 años (Hombres),1002000110,02,2020,11060.0
80 a 84 años (Hombres),1002000110,03,2020,2134.0
80 a 84 años (Hombres),1002000110,04,2020,3718.0
80 a 84 años (Hombres),1002000110,05,2020,11199.0
80 a 84 años (Hombres),1002000110,06,2020,3103.0
80 a 84 años (Hombres),1002000110,07,2020,19047.0
80 a 84 años (Hombres),1002000110,08,2020,14273.0
80 a 84 años (Hombres),1002000110,09,2020,46094.0
80 a 84 años (Hombres),1002000110,10,2020,8058.0
80 a 84 años (Hombres),1002000110,11,2020,24455.0
80 a 84 años (Hombres),1002000110,12,2020,17897.0
80 a 84 años (Hombres),1002000110,13,2020,13534.0
80 a 84 años (Hombres),1002000110,14,2020,33970.0
80 a 84 años (Hombres),1002000110,15,2020,56251.0
80 a 84 años (Hombres),1002000110,16,2020,23473.0
80 a 84 años (Hombres),1002000110,17,2020,9791.0
80 a 84 años (Hombres),1002000110,18,2020,6345.0
80 a 84 años (Hombres),1002000110,19,2020,22069.0
80 a 84 años (Hombres),1002000110,20,2020,23170.0
80 a 84 años (Hombres),1002000110,21,2020,26102.0
80 a 84 años (Hombres),1002000110,22,2020,7578.0
80 a 84 años (Hombres),1002000110,23,2020,3570.0
80 a 84 años (Hombres),1002000110,24,2020,14922.0
80 a 84 años (Hombres),1002000110,25,2020,14451.0
80 a 84 años (Hombres),1002000110,26,2020,11839.0
80 a 84 años (Hombres),1002000110,27,2020,8952.0
80 a 84 años (Hombres),1002000110,28,2020,14783.0
80 a 84 años (Hombres),1002000110,29,2020,5335.0
80 a 84 años (Hombres),1002000110,30,2020,43082.0
80 a 84 años (Hombres),1002000110,31,2020,10519.0
80 a 84 años (Hombres),1002000110,32,2020,8641.0
85 a 89 años (Hombres),1002000113,00,2020,283351.0
85 a 89 años (Hombres),1002000113,01,2020,2360.0
85 a 89 años (Hombres),1002000113,02,2020,5277.0
85 a 89 años (Hombres),1002000113,03,2020,1165.0
85 a 89 años (Hombres),1002000113,04,2020,2113.0
85 a 89 años (Hombres),1002000113,05,2020,5503.0
85 a 89 años (Hombres),1002000113,06,2020,1561.0
85 a 89 años (Hombres),1002000113,07,2020,10638.0
85 a 89 años (Hombres),1002000113,08,2020,6585.0
85 a 89 años (Hombres),1002000113,09,2020,24278.0
85 a 89 años (Hombres),1002000113,10,2020,4191.0
85 a 89 años (Hombres),1002000113,11,2020,14089.0
85 a 89 años (Hombres),1002000113,12,2020,10376.0
85 a 89 años (Hombres),1002000113,13,2020,7713.0
85 a 89 años (Hombres),1002000113,14,2020,17843.0
85 a 89 años (Hombres),1002000113,15,2020,28844.0
85 a 89 años (Hombres),1002000113,16,2020,13989.0
85 a 89 años (Hombres),1002000113,17,2020,5724.0
85 a 89 años (Hombres),1002000113,18,2020,3310.0
85 a 89 años (Hombres),1002000113,19,2020,10300.0
85 a 89 años (Hombres),1002000113,20,2020,14216.0
85 a 89 años (Hombres),1002000113,21,2020,15340.0
85 a 89 años (Hombres),1002000113,22,2020,4174.0
85 a 89 años (Hombres),1002000113,23,2020,1729.0
85 a 89 años (Hombres),1002000113,24,2020,8698.0
85 a 89 años (Hombres),1002000113,25,2020,7041.0
85 a 89 años (Hombres),1002000113,26,2020,5697.0
85 a 89 años (Hombres),1002000113,27,2020,5262.0
85 a 89 años (Hombres),1002000113,28,2020,7663.0
85 a 89 años (Hombres),1002000113,29,2020,3225.0
85 a 89 años (Hombres),1002000113,30,2020,23684.0
85 a 89 años (Hombres),1002000113,31,2020,5530.0
85 a 89 años (Hombres),1002000113,32,2020,5233.0
90 a 94 años (Hombres),1002000116,00,2020,107358.0
90 a 94 años (Hombres),1002000116,01,2020,942.0
90 a 94 años (Hombres),1002000116,02,2020,1897.0
90 a 94 años (Hombres),1002000116,03,2020,367.0
90 a 94 años (Hombres),1002000116,04,2020,832.0
90 a 94 años (Hombres),1002000116,05,2020,1826.0
90 a 94 años (Hombres),1002000116,06,2020,655.0
90 a 94 años (Hombres),1002000116,07,2020,4300.0
90 a 94 años (Hombres),1002000116,08,2020,2130.0
90 a 94 años (Hombres),1002000116,09,2020,9308.0
90 a 94 años (Hombres),1002000116,10,2020,1441.0
90 a 94 años (Hombres),1002000116,11,2020,5815.0
90 a 94 años (Hombres),1002000116,12,2020,4039.0
90 a 94 años (Hombres),1002000116,13,2020,2878.0
90 a 94 años (Hombres),1002000116,14,2020,7062.0
90 a 94 años (Hombres),1002000116,15,2020,9949.0
90 a 94 años (Hombres),1002000116,16,2020,5868.0
90 a 94 años (Hombres),1002000116,17,2020,2165.0
90 a 94 años (Hombres),1002000116,18,2020,1179.0
90 a 94 años (Hombres),1002000116,19,2020,3903.0
90 a 94 años (Hombres),1002000116,20,2020,5550.0
90 a 94 años (Hombres),1002000116,21,2020,5903.0
90 a 94 años (Hombres),1002000116,22,2020,1596.0
90 a 94 años (Hombres),1002000116,23,2020,564.0
90 a 94 años (Hombres),1002000116,24,2020,3502.0
90 a 94 años (Hombres),1002000116,25,2020,2483.0
90 a 94 años (Hombres),1002000116,26,2020,1849.0
90 a 94 años (Hombres),1002000116,27,2020,1957.0
90 a 94 años (Hombres),1002000116,28,2020,2796.0
90 a 94 años (Hombres),1002000116,29,2020,1353.0
90 a 94 años (Hombres),1002000116,30,2020,9066.0
90 a 94 años (Hombres),1002000116,31,2020,2023.0
90 a 94 años (Hombres),1002000116,32,2020,2160.0
95 a 99 años (Hombres),1002000119,00,2020,36615.0
95 a 99 años (Hombres),1002000119,01,2020,284.0
95 a 99 años (Hombres),1002000119,02,2020,522.0
95 a 99 años (Hombres),1002000119,03,2020,118.0
95 a 99 años (Hombres),1002000119,04,2020,353.0
95 a 99 años (Hombres),1002000119,05,2020,529.0
95 a 99 años (Hombres),1002000119,06,2020,236.0
95 a 99 años (Hombres),1002000119,07,2020,1752.0
95 a 99 años (Hombres),1002000119,08,2020,531.0
95 a 99 años (Hombres),1002000119,09,2020,2725.0
95 a 99 años (Hombres),1002000119,10,2020,418.0
95 a 99 años (Hombres),1002000119,11,2020,1992.0
95 a 99 años (Hombres),1002000119,12,2020,1657.0
95 a 99 años (Hombres),1002000119,13,2020,1115.0
95 a 99 años (Hombres),1002000119,14,2020,2422.0
95 a 99 años (Hombres),1002000119,15,2020,3120.0
95 a 99 años (Hombres),1002000119,16,2020,2242.0
95 a 99 años (Hombres),1002000119,17,2020,707.0
95 a 99 años (Hombres),1002000119,18,2020,433.0
95 a 99 años (Hombres),1002000119,19,2020,1133.0
95 a 99 años (Hombres),1002000119,20,2020,2080.0
95 a 99 años (Hombres),1002000119,21,2020,2077.0
95 a 99 años (Hombres),1002000119,22,2020,557.0
95 a 99 años (Hombres),1002000119,23,2020,253.0
95 a 99 años (Hombres),1002000119,24,2020,1204.0
95 a 99 años (Hombres),1002000119,25,2020,769.0
95 a 99 años (Hombres),1002000119,26,2020,539.0
95 a 99 años (Hombres),1002000119,27,2020,697.0
95 a 99 años (Hombres),1002000119,28,2020,912.0
95 a 99 años (Hombres),1002000119,29,2020,532.0
95 a 99 años (Hombres),1002000119,30,2020,3328.0
95 a 99 años (Hombres),1002000119,31,2020,640.0
95 a 99 años (Hombres),1002000119,32,2020,738.0
100 años y más (Hombres),1002000065,00,2020,6644.0
100 años y más (Hombres),1002000065,01,2020,36.0
100 años y más (Hombres),1002000065,02,2020,81.0
100 años y más (Hombres),1002000065,03,2020,18.0
100 años y más (Hombres),1002000065,04,2020,78.0
100 años y más (Hombres),1002000065,05,2020,70.0
100 años y más (Hombres),1002000065,06,2020,53.0
100 años y más (Hombres),1002000065,07,2020,651.0
100 años y más (Hombres),1002000065,08,2020,88.0
100 años y más (Hombres),1002000065,09,2020,357.0
100 años y más (Hombres),1002000065,10,2020,60.0
100 años y más (Hombres),1002000065,11,2020,227.0
100 años y más (Hombres),1002000065,12,2020,470.0
100 años y más (Hombres),1002000065,13,2020,192.0
100 años y más (Hombres),1002000065,14,2020,393.0
100 años y más (Hombres),1002000065,15,2020,424.0
100 años y más (Hombres),1002000065,16,2020,396.0
100 años y más (Hombres),1002000065,17,2020,126.0
100 años y más (Hombres),1002000065,18,2020,96.0
100 años y más (Hombres),1002000065,19,2020,116.0
100 años y más (Hombres),1002000065,20,2020,433.0
100 años y más (Hombres),1002000065,21,2020,335.0
100 años y más (Hombres),1002000065,22,2020,76.0
100 años y más (Hombres),1002000065,23,2020,66.0
100 años y más (Hombres),1002000065,24,2020,181.0
100 años y más (Hombres),1002000065,25,2020,169.0
100 años y más (Hombres),1002000065,26,2020,83.0
100 años y más (Hombres),1002000065,27,2020,184.0
100 años y más (Hombres),1002000065,28,2020,146.0
100 años y más (Hombres),1002000065,29,2020,57.0
100 años y más (Hombres),1002000065,30,2020,799.0
100 años y más (Hombres),1002000065,31,2020,81.0
100 años y más (Hombres),1002000065,32,2020,102.0
0 a 4 años (Mujeres),1002000060,00,2020,4969883.0
0 a 4 años (Mujeres),1002000060,01,2020,61452.0
0 a 4 años (Mujeres),1002000060,02,2020,131891.0
0 a 4 años (Mujeres),1002000060,03,2020,30976.0
0 a 4 años (Mujeres),1002000060,04,2020,39118.0
0 a 4 años (Mujeres),1002000060,05,2020,138100.0
0 a 4 años (Mujeres),1002000060,06,2020,25781.0
0 a 4 años (Mujeres),1002000060,07,2020,285241.0
0 a 4 años (Mujeres),1002000060,08,2020,143676.0
0 a 4 años (Mujeres),1002000060,09,2020,237027.0
0 a 4 años (Mujeres),1002000060,10,2020,82519.0
0 a 4 años (Mujeres),1002000060,11,2020,266101.0
0 a 4 años (Mujeres),1002000060,12,2020,166126.0
0 a 4 años (Mujeres),1002000060,13,2020,117875.0
0 a 4 años (Mujeres),1002000060,14,2020,331861.0
0 a 4 años (Mujeres),1002000060,15,2020,631609.0
0 a 4 años (Mujeres),1002000060,16,2020,213012.0
0 a 4 años (Mujeres),1002000060,17,2020,71759.0
0 a 4 años (Mujeres),1002000060,18,2020,50999.0
0 a 4 años (Mujeres),1002000060,19,2020,225102.0
0 a 4 años (Mujeres),1002000060,20,2020,178550.0
0 a 4 años (Mujeres),1002000060,21,2020,286513.0
0 a 4 años (Mujeres),1002000060,22,2020,93370.0
0 a 4 años (Mujeres),1002000060,23,2020,72573.0
0 a 4 años (Mujeres),1002000060,24,2020,114600.0
0 a 4 años (Mujeres),1002000060,25,2020,116191.0
0 a 4 años (Mujeres),1002000060,26,2020,107741.0
0 a 4 años (Mujeres),1002000060,27,2020,102208.0
0 a 4 años (Mujeres),1002000060,28,2020,134164.0
0 a 4 años (Mujeres),1002000060,29,2020,54775.0
0 a 4 años (Mujeres),1002000060,30,2020,297140.0
0 a 4 años (Mujeres),1002000060,31,2020,86651.0
0 a 4 años (Mujeres),1002000060,32,2020,75182.0
5 a 9 años (Mujeres),1002000090,00,2020,5311288.0
5 a 9 años (Mujeres),1002000090,01,2020,64689.0
5 a 9 años (Mujeres),1002000090,02,2020,147045.0
5 a 9 años (Mujeres),1002000090,03,2020,32971.0
5 a 9 años (Mujeres),1002000090,04,2020,40391.0
5 a 9 años (Mujeres),1002000090,05,2020,135807.0
5 a 9 años (Mujeres),1002000090,06,2020,29403.0
5 a 9 años (Mujeres),1002000090,07,2020,304034.0
5 a 9 años (Mujeres),1002000090,08,2020,156140.0
5 a 9 años (Mujeres),1002000090,09,2020,277627.0
5 a 9 años (Mujeres),1002000090,10,2020,86217.0
5 a 9 años (Mujeres),1002000090,11,2020,270116.0
5 a 9 años (Mujeres),1002000090,12,2020,173847.0
5 a 9 años (Mujeres),1002000090,13,2020,133526.0
5 a 9 años (Mujeres),1002000090,14,2020,354189.0
5 a 9 años (Mujeres),1002000090,15,2020,681559.0
5 a 9 años (Mujeres),1002000090,16,2020,218236.0
5 a 9 años (Mujeres),1002000090,17,2020,78298.0
5 a 9 años (Mujeres),1002000090,18,2020,55942.0
5 a 9 años (Mujeres),1002000090,19,2020,228140.0
5 a 9 años (Mujeres),1002000090,20,2020,193258.0
5 a 9 años (Mujeres),1002000090,21,2020,296362.0
5 a 9 años (Mujeres),1002000090,22,2020,97011.0
5 a 9 años (Mujeres),1002000090,23,2020,76767.0
5 a 9 años (Mujeres),1002000090,24,2020,119755.0
5 a 9 años (Mujeres),1002000090,25,2020,122685.0
5 a 9 años (Mujeres),1002000090,26,2020,121509.0
5 a 9 años (Mujeres),1002000090,27,2020,110352.0
5 a 9 años (Mujeres),1002000090,28,2020,145029.0
5 a 9 años (Mujeres),1002000090,29,2020,58053.0
5 a 9 años (Mujeres),1002000090,30,2020,332847.0
5 a 9 años (Mujeres),1002000090,31,2020,92220.0
5 a 9 años (Mujeres),1002000090,32,2020,77263.0
10 a 14 años (Mujeres),1002000063,00,2020,5389280.0
10 a 14 años (Mujeres),1002000063,01,2020,63637.0
10 a 14 años (Mujeres),1002000063,02,2020,153042.0
10 a 14 años (Mujeres),1002000063,03,2020,33210.0
10 a 14 años (Mujeres),1002000063,04,2020,39121.0
10 a 14 años (Mujeres),1002000063,05,2020,131843.0
10 a 14 años (Mujeres),1002000063,06,2020,29849.0
10 a 14 años (Mujeres),1002000063,07,2020,288018.0
10 a 14 años (Mujeres),1002000063,08,2020,164100.0
10 a 14 años (Mujeres),1002000063,09,2020,299822.0
10 a 14 años (Mujeres),1002000063,10,2020,83507.0
10 a 14 años (Mujeres),1002000063,11,2020,270625.0
10 a 14 años (Mujeres),1002000063,12,2020,172260.0
10 a 14 años (Mujeres),1002000063,13,2020,140184.0
10 a 14 años (Mujeres),1002000063,14,2020,350886.0
10 a 14 años (Mujeres),1002000063,15,2020,724173.0
10 a 14 años (Mujeres),1002000063,16,2020,210937.0
10 a 14 años (Mujeres),1002000063,17,2020,80786.0
10 a 14 años (Mujeres),1002000063,18,2020,55609.0
10 a 14 años (Mujeres),1002000063,19,2020,227316.0
10 a 14 años (Mujeres),1002000063,20,2020,196776.0
10 a 14 años (Mujeres),1002000063,21,2020,297522.0
10 a 14 años (Mujeres),1002000063,22,2020,97754.0
10 a 14 años (Mujeres),1002000063,23,2020,75817.0
10 a 14 años (Mujeres),1002000063,24,2020,124526.0
10 a 14 años (Mujeres),1002000063,25,2020,127661.0
10 a 14 años (Mujeres),1002000063,26,2020,126600.0
10 a 14 años (Mujeres),1002000063,27,2020,109206.0
10 a 14 años (Mujeres),1002000063,28,2020,149987.0
10 a 14 años (Mujeres),1002000063,29,2020,58971.0
10 a 14 años (Mujeres),1002000063,30,2020,337788.0
10 a 14 años (Mujeres),1002000063,31,2020,93304.0
10 a 14 años (Mujeres),1002000063,32,2020,74443.0
15 a 19 años (Mujeres),1002000069,00,2020,5344540.0
15 a 19 años (Mujeres),1002000069,01,2020,65064.0
15 a 19 años (Mujeres),1002000069,02,2020,154341.0
15 a 19 años (Mujeres),1002000069,03,2020,31681.0
15 a 19 años (Mujeres),1002000069,04,2020,37672.0
15 a 19 años (Mujeres),1002000069,05,2020,132434.0
15 a 19 años (Mujeres),1002000069,06,2020,29996.0
15 a 19 años (Mujeres),1002000069,07,2020,264056.0
15 a 19 años (Mujeres),1002000069,08,2020,160391.0
15 a 19 años (Mujeres),1002000069,09,2020,319280.0
15 a 19 años (Mujeres),1002000069,10,2020,80151.0
15 a 19 años (Mujeres),1002000069,11,2020,274115.0
15 a 19 años (Mujeres),1002000069,12,2020,163920.0
15 a 19 años (Mujeres),1002000069,13,2020,135080.0
15 a 19 años (Mujeres),1002000069,14,2020,353463.0
15 a 19 años (Mujeres),1002000069,15,2020,729134.0
15 a 19 años (Mujeres),1002000069,16,2020,202922.0
15 a 19 años (Mujeres),1002000069,17,2020,82026.0
15 a 19 años (Mujeres),1002000069,18,2020,51464.0
15 a 19 años (Mujeres),1002000069,19,2020,231655.0
15 a 19 años (Mujeres),1002000069,20,2020,179735.0
15 a 19 años (Mujeres),1002000069,21,2020,301373.0
15 a 19 años (Mujeres),1002000069,22,2020,98300.0
15 a 19 años (Mujeres),1002000069,23,2020,73033.0
15 a 19 años (Mujeres),1002000069,24,2020,125813.0
15 a 19 años (Mujeres),1002000069,25,2020,129030.0
15 a 19 años (Mujeres),1002000069,26,2020,124961.0
15 a 19 años (Mujeres),1002000069,27,2020,103371.0
15 a 19 años (Mujeres),1002000069,28,2020,145715.0
15 a 19 años (Mujeres),1002000069,29,2020,59675.0
15 a 19 años (Mujeres),1002000069,30,2020,337395.0
15 a 19 años (Mujeres),1002000069,31,2020,96946.0
15 a 19 años (Mujeres),1002000069,32,2020,70348.0
20 a 24 años (Mujeres),1002000072,00,2020,5256211.0
20 a 24 años (Mujeres),1002000072,01,2020,63866.0
20 a 24 años (Mujeres),1002000072,02,2020,166909.0
20 a 24 años (Mujeres),1002000072,03,2020,32325.0
20 a 24 años (Mujeres),1002000072,04,2020,38279.0
20 a 24 años (Mujeres),1002000072,05,2020,130654.0
20 a 24 años (Mujeres),1002000072,06,2020,29706.0
20 a 24 años (Mujeres),1002000072,07,2020,240791.0
20 a 24 años (Mujeres),1002000072,08,2020,156786.0
20 a 24 años (Mujeres),1002000072,09,2020,355556.0
20 a 24 años (Mujeres),1002000072,10,2020,76652.0
20 a 24 años (Mujeres),1002000072,11,2020,273439.0
20 a 24 años (Mujeres),1002000072,12,2020,148277.0
20 a 24 años (Mujeres),1002000072,13,2020,121946.0
20 a 24 años (Mujeres),1002000072,14,2020,352377.0
20 a 24 años (Mujeres),1002000072,15,2020,709701.0
20 a 24 años (Mujeres),1002000072,16,2020,198844.0
20 a 24 años (Mujeres),1002000072,17,2020,82580.0
20 a 24 años (Mujeres),1002000072,18,2020,48963.0
20 a 24 años (Mujeres),1002000072,19,2020,248293.0
20 a 24 años (Mujeres),1002000072,20,2020,163170.0
20 a 24 años (Mujeres),1002000072,21,2020,291272.0
20 a 24 años (Mujeres),1002000072,22,2020,104692.0
20 a 24 años (Mujeres),1002000072,23,2020,81803.0
20 a 24 años (Mujeres),1002000072,24,2020,118699.0
20 a 24 años (Mujeres),1002000072,25,2020,129014.0
20 a 24 años (Mujeres),1002000072,26,2020,121417.0
20 a 24 años (Mujeres),1002000072,27,2020,96630.0
20 a 24 años (Mujeres),1002000072,28,2020,141947.0
20 a 24 años (Mujeres),1002000072,29,2020,57199.0
20 a 24 años (Mujeres),1002000072,30,2020,308035.0
20 a 24 años (Mujeres),1002000072,31,2020,99440.0
20 a 24 años (Mujeres),1002000072,32,2020,66949.0
25 a 29 años (Mujeres),1002000075,00,2020,5131597.0
25 a 29 años (Mujeres),1002000075,01,2020,60285.0
25 a 29 años (Mujeres),1002000075,02,2020,161994.0
25 a 29 años (Mujeres),1002000075,03,2020,33752.0
25 a 29 años (Mujeres),1002000075,04,2020,37752.0
25 a 29 años (Mujeres),1002000075,05,2020,123347.0
25 a 29 años (Mujeres),1002000075,06,2020,29451.0
25 a 29 años (Mujeres),1002000075,07,2020,225948.0
25 a 29 años (Mujeres),1002000075,08,2020,150455.0
25 a 29 años (Mujeres),1002000075,09,2020,380208.0
25 a 29 años (Mujeres),1002000075,10,2020,72069.0
25 a 29 años (Mujeres),1002000075,11,2020,259842.0
25 a 29 años (Mujeres),1002000075,12,2020,137839.0
25 a 29 años (Mujeres),1002000075,13,2020,122786.0
25 a 29 años (Mujeres),1002000075,14,2020,337264.0
25 a 29 años (Mujeres),1002000075,15,2020,699594.0
25 a 29 años (Mujeres),1002000075,16,2020,191297.0
25 a 29 años (Mujeres),1002000075,17,2020,79983.0
25 a 29 años (Mujeres),1002000075,18,2020,47305.0
25 a 29 años (Mujeres),1002000075,19,2020,239870.0
25 a 29 años (Mujeres),1002000075,20,2020,165743.0
25 a 29 años (Mujeres),1002000075,21,2020,276390.0
25 a 29 años (Mujeres),1002000075,22,2020,108596.0
25 a 29 años (Mujeres),1002000075,23,2020,91413.0
25 a 29 años (Mujeres),1002000075,24,2020,114932.0
25 a 29 años (Mujeres),1002000075,25,2020,118849.0
25 a 29 años (Mujeres),1002000075,26,2020,113744.0
25 a 29 años (Mujeres),1002000075,27,2020,94899.0
25 a 29 años (Mujeres),1002000075,28,2020,136168.0
25 a 29 años (Mujeres),1002000075,29,2020,53868.0
25 a 29 años (Mujeres),1002000075,30,2020,307737.0
25 a 29 años (Mujeres),1002000075,31,2020,96449.0
25 a 29 años (Mujeres),1002000075,32,2020,61768.0
30 a 34 años (Mujeres),1002000078,00,2020,4893101.0
30 a 34 años (Mujeres),1002000078,01,2020,55174.0
30 a 34 años (Mujeres),1002000078,02,2020,150225.0
30 a 34 años (Mujeres),1002000078,03,2020,33126.0
30 a 34 años (Mujeres),1002000078,04,2020,38152.0
30 a 34 años (Mujeres),1002000078,05,2020,113447.0
30 a 34 años (Mujeres),1002000078,06,2020,29748.0
30 a 34 años (Mujeres),1002000078,07,2020,211284.0
30 a 34 años (Mujeres),1002000078,08,2020,139995.0
30 a 34 años (Mujeres),1002000078,09,2020,380163.0
30 a 34 años (Mujeres),1002000078,10,2020,66294.0
30 a 34 años (Mujeres),1002000078,11,2020,243969.0
30 a 34 años (Mujeres),1002000078,12,2020,128332.0
30 a 34 años (Mujeres),1002000078,13,2020,121520.0
30 a 34 años (Mujeres),1002000078,14,2020,326089.0
30 a 34 años (Mujeres),1002000078,15,2020,668246.0
30 a 34 años (Mujeres),1002000078,16,2020,182326.0
30 a 34 años (Mujeres),1002000078,17,2020,75434.0
30 a 34 años (Mujeres),1002000078,18,2020,46587.0
30 a 34 años (Mujeres),1002000078,19,2020,221419.0
30 a 34 años (Mujeres),1002000078,20,2020,156355.0
30 a 34 años (Mujeres),1002000078,21,2020,254709.0
30 a 34 años (Mujeres),1002000078,22,2020,100283.0
30 a 34 años (Mujeres),1002000078,23,2020,87085.0
30 a 34 años (Mujeres),1002000078,24,2020,107534.0
30 a 34 años (Mujeres),1002000078,25,2020,110211.0
30 a 34 años (Mujeres),1002000078,26,2020,107549.0
30 a 34 años (Mujeres),1002000078,27,2020,95760.0
30 a 34 años (Mujeres),1002000078,28,2020,131557.0
30 a 34 años (Mujeres),1002000078,29,2020,51128.0
30 a 34 años (Mujeres),1002000078,30,2020,304712.0
30 a 34 años (Mujeres),1002000078,31,2020,93832.0
30 a 34 años (Mujeres),1002000078,32,2020,60856.0
35 a 39 años (Mujeres),1002000081,00,2020,4688746.0
35 a 39 años (Mujeres),1002000081,01,2020,51483.0
35 a 39 años (Mujeres),1002000081,02,2020,143900.0
35 a 39 años (Mujeres),1002000081,03,2020,31638.0
35 a 39 años (Mujeres),1002000081,04,2020,36664.0
35 a 39 años (Mujeres),1002000081,05,2020,110263.0
35 a 39 años (Mujeres),1002000081,06,2020,27932.0
35 a 39 años (Mujeres),1002000081,07,2020,198593.0
35 a 39 años (Mujeres),1002000081,08,2020,133057.0
35 a 39 años (Mujeres),1002000081,09,2020,365305.0
35 a 39 años (Mujeres),1002000081,10,2020,61196.0
35 a 39 años (Mujeres),1002000081,11,2020,230767.0
35 a 39 años (Mujeres),1002000081,12,2020,119168.0
35 a 39 años (Mujeres),1002000081,13,2020,119575.0
35 a 39 años (Mujeres),1002000081,14,2020,307567.0
35 a 39 años (Mujeres),1002000081,15,2020,657610.0
35 a 39 años (Mujeres),1002000081,16,2020,166841.0
35 a 39 años (Mujeres),1002000081,17,2020,72245.0
35 a 39 años (Mujeres),1002000081,18,2020,43621.0
35 a 39 años (Mujeres),1002000081,19,2020,210620.0
35 a 39 años (Mujeres),1002000081,20,2020,148599.0
35 a 39 años (Mujeres),1002000081,21,2020,245344.0
35 a 39 años (Mujeres),1002000081,22,2020,94776.0
35 a 39 años (Mujeres),1002000081,23,2020,79807.0
35 a 39 años (Mujeres),1002000081,24,2020,101241.0
35 a 39 años (Mujeres),1002000081,25,2020,104776.0
35 a 39 años (Mujeres),1002000081,26,2020,103161.0
35 a 39 años (Mujeres),1002000081,27,2020,95245.0
35 a 39 años (Mujeres),1002000081,28,2020,131959.0
35 a 39 años (Mujeres),1002000081,29,2020,51310.0
35 a 39 años (Mujeres),1002000081,30,2020,300186.0
35 a 39 años (Mujeres),1002000081,31,2020,89222.0
35 a 39 años (Mujeres),1002000081,32,2020,55075.0
40 a 44 años (Mujeres),1002000084,00,2020,4441282.0
40 a 44 años (Mujeres),1002000084,01,2020,48539.0
40 a 44 años (Mujeres),1002000084,02,2020,135279.0
40 a 44 años (Mujeres),1002000084,03,2020,28999.0
40 a 44 años (Mujeres),1002000084,04,2020,33409.0
40 a 44 años (Mujeres),1002000084,05,2020,111696.0
40 a 44 años (Mujeres),1002000084,06,2020,26393.0
40 a 44 años (Mujeres),1002000084,07,2020,172732.0
40 a 44 años (Mujeres),1002000084,08,2020,127629.0
40 a 44 años (Mujeres),1002000084,09,2020,352995.0
40 a 44 años (Mujeres),1002000084,10,2020,59198.0
40 a 44 años (Mujeres),1002000084,11,2020,214681.0
40 a 44 años (Mujeres),1002000084,12,2020,111478.0
40 a 44 años (Mujeres),1002000084,13,2020,113323.0
40 a 44 años (Mujeres),1002000084,14,2020,283549.0
40 a 44 años (Mujeres),1002000084,15,2020,633375.0
40 a 44 años (Mujeres),1002000084,16,2020,156714.0
40 a 44 años (Mujeres),1002000084,17,2020,69823.0
40 a 44 años (Mujeres),1002000084,18,2020,41386.0
40 a 44 años (Mujeres),1002000084,19,2020,204546.0
40 a 44 años (Mujeres),1002000084,20,2020,139094.0
40 a 44 años (Mujeres),1002000084,21,2020,228539.0
40 a 44 años (Mujeres),1002000084,22,2020,86410.0
40 a 44 años (Mujeres),1002000084,23,2020,67896.0
40 a 44 años (Mujeres),1002000084,24,2020,94780.0
40 a 44 años (Mujeres),1002000084,25,2020,104332.0
40 a 44 años (Mujeres),1002000084,26,2020,102318.0
40 a 44 años (Mujeres),1002000084,27,2020,88479.0
40 a 44 años (Mujeres),1002000084,28,2020,127998.0
40 a 44 años (Mujeres),1002000084,29,2020,47898.0
40 a 44 años (Mujeres),1002000084,30,2020,290379.0
40 a 44 años (Mujeres),1002000084,31,2020,83472.0
40 a 44 años (Mujeres),1002000084,32,2020,53943.0
45 a 49 años (Mujeres),1002000087,00,2020,4130069.0
45 a 49 años (Mujeres),1002000087,01,2020,44506.0
45 a 49 años (Mujeres),1002000087,02,2020,126657.0
45 a 49 años (Mujeres),1002000087,03,2020,25053.0
45 a 49 años (Mujeres),1002000087,04,2020,29592.0
45 a 49 años (Mujeres),1002000087,05,2020,104356.0
45 a 49 años (Mujeres),1002000087,06,2020,23986.0
45 a 49 años (Mujeres),1002000087,07,2020,148524.0
45 a 49 años (Mujeres),1002000087,08,2020,125284.0
45 a 49 años (Mujeres),1002000087,09,2020,355099.0
45 a 49 años (Mujeres),1002000087,10,2020,55761.0
45 a 49 años (Mujeres),1002000087,11,2020,191241.0
45 a 49 años (Mujeres),1002000087,12,2020,101207.0
45 a 49 años (Mujeres),1002000087,13,2020,103374.0
45 a 49 años (Mujeres),1002000087,14,2020,263271.0
45 a 49 años (Mujeres),1002000087,15,2020,603324.0
45 a 49 años (Mujeres),1002000087,16,2020,141164.0
45 a 49 años (Mujeres),1002000087,17,2020,66348.0
45 a 49 años (Mujeres),1002000087,18,2020,37840.0
45 a 49 años (Mujeres),1002000087,19,2020,193524.0
45 a 49 años (Mujeres),1002000087,20,2020,125233.0
45 a 49 años (Mujeres),1002000087,21,2020,204659.0
45 a 49 años (Mujeres),1002000087,22,2020,77991.0
45 a 49 años (Mujeres),1002000087,23,2020,57491.0
45 a 49 años (Mujeres),1002000087,24,2020,88785.0
45 a 49 años (Mujeres),1002000087,25,2020,98203.0
45 a 49 años (Mujeres),1002000087,26,2020,95907.0
45 a 49 años (Mujeres),1002000087,27,2020,77074.0
45 a 49 años (Mujeres),1002000087,28,2020,120704.0
45 a 49 años (Mujeres),1002000087,29,2020,43113.0
45 a 49 años (Mujeres),1002000087,30,2020,275993.0
45 a 49 años (Mujeres),1002000087,31,2020,75786.0
45 a 49 años (Mujeres),1002000087,32,2020,49019.0
50 a 54 años (Mujeres),1002000093,00,2020,3705369.0
50 a 54 años (Mujeres),1002000093,01,2020,39510.0
50 a 54 años (Mujeres),1002000093,02,2020,108599.0
50 a 54 años (Mujeres),1002000093,03,2020,21427.0
50 a 54 años (Mujeres),1002000093,04,2020,25862.0
50 a 54 años (Mujeres),1002000093,05,2020,91791.0
50 a 54 años (Mujeres),1002000093,06,2020,21504.0
50 a 54 años (Mujeres),1002000093,07,2020,126691.0
50 a 54 años (Mujeres),1002000093,08,2020,112326.0
50 a 54 años (Mujeres),1002000093,09,2020,337089.0
50 a 54 años (Mujeres),1002000093,10,2020,51029.0
50 a 54 años (Mujeres),1002000093,11,2020,169887.0
50 a 54 años (Mujeres),1002000093,12,2020,93679.0
50 a 54 años (Mujeres),1002000093,13,2020,91744.0
50 a 54 años (Mujeres),1002000093,14,2020,234622.0
50 a 54 años (Mujeres),1002000093,15,2020,533715.0
50 a 54 años (Mujeres),1002000093,16,2020,130382.0
50 a 54 años (Mujeres),1002000093,17,2020,61696.0
50 a 54 años (Mujeres),1002000093,18,2020,33267.0
50 a 54 años (Mujeres),1002000093,19,2020,169947.0
50 a 54 años (Mujeres),1002000093,20,2020,113576.0
50 a 54 años (Mujeres),1002000093,21,2020,181558.0
50 a 54 años (Mujeres),1002000093,22,2020,66848.0
50 a 54 años (Mujeres),1002000093,23,2020,46544.0
50 a 54 años (Mujeres),1002000093,24,2020,81291.0
50 a 54 años (Mujeres),1002000093,25,2020,88822.0
50 a 54 años (Mujeres),1002000093,26,2020,86583.0
50 a 54 años (Mujeres),1002000093,27,2020,67733.0
50 a 54 años (Mujeres),1002000093,28,2020,108853.0
50 a 54 años (Mujeres),1002000093,29,2020,38242.0
50 a 54 años (Mujeres),1002000093,30,2020,260838.0
50 a 54 años (Mujeres),1002000093,31,2020,64472.0
50 a 54 años (Mujeres),1002000093,32,2020,45242.0
55 a 59 años (Mujeres),1002000096,00,2020,3002982.0
55 a 59 años (Mujeres),1002000096,01,2020,31257.0
55 a 59 años (Mujeres),1002000096,02,2020,83875.0
55 a 59 años (Mujeres),1002000096,03,2020,16826.0
55 a 59 años (Mujeres),1002000096,04,2020,20948.0
55 a 59 años (Mujeres),1002000096,05,2020,73100.0
55 a 59 años (Mujeres),1002000096,06,2020,17976.0
55 a 59 años (Mujeres),1002000096,07,2020,101450.0
55 a 59 años (Mujeres),1002000096,08,2020,89611.0
55 a 59 años (Mujeres),1002000096,09,2020,286796.0
55 a 59 años (Mujeres),1002000096,10,2020,42026.0
55 a 59 años (Mujeres),1002000096,11,2020,133874.0
55 a 59 años (Mujeres),1002000096,12,2020,79708.0
55 a 59 años (Mujeres),1002000096,13,2020,74551.0
55 a 59 años (Mujeres),1002000096,14,2020,189545.0
55 a 59 años (Mujeres),1002000096,15,2020,421734.0
55 a 59 años (Mujeres),1002000096,16,2020,108189.0
55 a 59 años (Mujeres),1002000096,17,2020,51767.0
55 a 59 años (Mujeres),1002000096,18,2020,28245.0
55 a 59 años (Mujeres),1002000096,19,2020,133074.0
55 a 59 años (Mujeres),1002000096,20,2020,96401.0
55 a 59 años (Mujeres),1002000096,21,2020,145475.0
55 a 59 años (Mujeres),1002000096,22,2020,51771.0
55 a 59 años (Mujeres),1002000096,23,2020,33471.0
55 a 59 años (Mujeres),1002000096,24,2020,66472.0
55 a 59 años (Mujeres),1002000096,25,2020,74744.0
55 a 59 años (Mujeres),1002000096,26,2020,71657.0
55 a 59 años (Mujeres),1002000096,27,2020,54741.0
55 a 59 años (Mujeres),1002000096,28,2020,86568.0
55 a 59 años (Mujeres),1002000096,29,2020,30129.0
55 a 59 años (Mujeres),1002000096,30,2020,216188.0
55 a 59 años (Mujeres),1002000096,31,2020,54357.0
55 a 59 años (Mujeres),1002000096,32,2020,36456.0
60 a 64 años (Mujeres),1002000099,00,2020,2563200.0
60 a 64 años (Mujeres),1002000099,01,2020,25871.0
60 a 64 años (Mujeres),1002000099,02,2020,68735.0
60 a 64 años (Mujeres),1002000099,03,2020,13680.0
60 a 64 años (Mujeres),1002000099,04,2020,16758.0
60 a 64 años (Mujeres),1002000099,05,2020,61643.0
60 a 64 años (Mujeres),1002000099,06,2020,15322.0
60 a 64 años (Mujeres),1002000099,07,2020,81058.0
60 a 64 años (Mujeres),1002000099,08,2020,74331.0
60 a 64 años (Mujeres),1002000099,09,2020,260449.0
60 a 64 años (Mujeres),1002000099,10,2020,34901.0
60 a 64 años (Mujeres),1002000099,11,2020,114923.0
60 a 64 años (Mujeres),1002000099,12,2020,67470.0
60 a 64 años (Mujeres),1002000099,13,2020,63216.0
60 a 64 años (Mujeres),1002000099,14,2020,168020.0
60 a 64 años (Mujeres),1002000099,15,2020,354099.0
60 a 64 años (Mujeres),1002000099,16,2020,95606.0
60 a 64 años (Mujeres),1002000099,17,2020,45352.0
60 a 64 años (Mujeres),1002000099,18,2020,24935.0
60 a 64 años (Mujeres),1002000099,19,2020,113541.0
60 a 64 años (Mujeres),1002000099,20,2020,83645.0
60 a 64 años (Mujeres),1002000099,21,2020,124995.0
60 a 64 años (Mujeres),1002000099,22,2020,42960.0
60 a 64 años (Mujeres),1002000099,23,2020,25146.0
60 a 64 años (Mujeres),1002000099,24,2020,56604.0
60 a 64 años (Mujeres),1002000099,25,2020,64690.0
60 a 64 años (Mujeres),1002000099,26,2020,62762.0
60 a 64 años (Mujeres),1002000099,27,2020,43470.0
60 a 64 años (Mujeres),1002000099,28,2020,73125.0
60 a 64 años (Mujeres),1002000099,29,2020,24821.0
60 a 64 años (Mujeres),1002000099,30,2020,184851.0
60 a 64 años (Mujeres),1002000099,31,2020,45890.0
60 a 64 años (Mujeres),1002000099,32,2020,30331.0
65 a 69 años (Mujeres),1002000102,00,2020,1938227.0
65 a 69 años (Mujeres),1002000102,01,2020,19125.0
65 a 69 años (Mujeres),1002000102,02,2020,49722.0
65 a 69 años (Mujeres),1002000102,03,2020,9687.0
65 a 69 años (Mujeres),1002000102,04,2020,13266.0
65 a 69 años (Mujeres),1002000102,05,2020,43792.0
65 a 69 años (Mujeres),1002000102,06,2020,11469.0
65 a 69 años (Mujeres),1002000102,07,2020,63742.0
65 a 69 años (Mujeres),1002000102,08,2020,53691.0
65 a 69 años (Mujeres),1002000102,09,2020,198951.0
65 a 69 años (Mujeres),1002000102,10,2020,25969.0
65 a 69 años (Mujeres),1002000102,11,2020,85867.0
65 a 69 años (Mujeres),1002000102,12,2020,55525.0
65 a 69 años (Mujeres),1002000102,13,2020,48894.0
65 a 69 años (Mujeres),1002000102,14,2020,128970.0
65 a 69 años (Mujeres),1002000102,15,2020,254157.0
65 a 69 años (Mujeres),1002000102,16,2020,73582.0
65 a 69 años (Mujeres),1002000102,17,2020,34892.0
65 a 69 años (Mujeres),1002000102,18,2020,19313.0
65 a 69 años (Mujeres),1002000102,19,2020,81642.0
65 a 69 años (Mujeres),1002000102,20,2020,68322.0
65 a 69 años (Mujeres),1002000102,21,2020,96984.0
65 a 69 años (Mujeres),1002000102,22,2020,31097.0
65 a 69 años (Mujeres),1002000102,23,2020,17466.0
65 a 69 años (Mujeres),1002000102,24,2020,43019.0
65 a 69 años (Mujeres),1002000102,25,2020,49892.0
65 a 69 años (Mujeres),1002000102,26,2020,45350.0
65 a 69 años (Mujeres),1002000102,27,2020,33227.0
65 a 69 años (Mujeres),1002000102,28,2020,52813.0
65 a 69 años (Mujeres),1002000102,29,2020,18039.0
65 a 69 años (Mujeres),1002000102,30,2020,148502.0
65 a 69 años (Mujeres),1002000102,31,2020,38048.0
65 a 69 años (Mujeres),1002000102,32,2020,23212.0
70 a 74 años (Mujeres),1002000105,00,2020,1413848.0
70 a 74 años (Mujeres),1002000105,01,2020,13804.0
70 a 74 años (Mujeres),1002000105,02,2020,34613.0
70 a 74 años (Mujeres),1002000105,03,2020,6380.0
70 a 74 años (Mujeres),1002000105,04,2020,8891.0
70 a 74 años (Mujeres),1002000105,05,2020,32226.0
70 a 74 años (Mujeres),1002000105,06,2020,8376.0
70 a 74 años (Mujeres),1002000105,07,2020,42736.0
70 a 74 años (Mujeres),1002000105,08,2020,39831.0
70 a 74 años (Mujeres),1002000105,09,2020,152614.0
70 a 74 años (Mujeres),1002000105,10,2020,19198.0
70 a 74 años (Mujeres),1002000105,11,2020,62892.0
70 a 74 años (Mujeres),1002000105,12,2020,40798.0
70 a 74 años (Mujeres),1002000105,13,2020,34782.0
70 a 74 años (Mujeres),1002000105,14,2020,96956.0
70 a 74 años (Mujeres),1002000105,15,2020,178657.0
70 a 74 años (Mujeres),1002000105,16,2020,55817.0
70 a 74 años (Mujeres),1002000105,17,2020,25384.0
70 a 74 años (Mujeres),1002000105,18,2020,14214.0
70 a 74 años (Mujeres),1002000105,19,2020,62182.0
70 a 74 años (Mujeres),1002000105,20,2020,49964.0
70 a 74 años (Mujeres),1002000105,21,2020,70370.0
70 a 74 años (Mujeres),1002000105,22,2020,22180.0
70 a 74 años (Mujeres),1002000105,23,2020,10974.0
70 a 74 años (Mujeres),1002000105,24,2020,33001.0
70 a 74 años (Mujeres),1002000105,25,2020,36570.0
70 a 74 años (Mujeres),1002000105,26,2020,32496.0
70 a 74 años (Mujeres),1002000105,27,2020,21524.0
70 a 74 años (Mujeres),1002000105,28,2020,39661.0
70 a 74 años (Mujeres),1002000105,29,2020,13170.0
70 a 74 años (Mujeres),1002000105,30,2020,107721.0
70 a 74 años (Mujeres),1002000105,31,2020,27846.0
70 a 74 años (Mujeres),1002000105,32,2020,18020.0
75 a 79 años (Mujeres),1002000108,00,2020,966684.0
75 a 79 años (Mujeres),1002000108,01,2020,8842.0
75 a 79 años (Mujeres),1002000108,02,2020,22041.0
75 a 79 años (Mujeres),1002000108,03,2020,4182.0
75 a 79 años (Mujeres),1002000108,04,2020,5932.0
75 a 79 años (Mujeres),1002000108,05,2020,20965.0
75 a 79 años (Mujeres),1002000108,06,2020,5702.0
75 a 79 años (Mujeres),1002000108,07,2020,31187.0
75 a 79 años (Mujeres),1002000108,08,2020,26792.0
75 a 79 años (Mujeres),1002000108,09,2020,101005.0
75 a 79 años (Mujeres),1002000108,10,2020,13096.0
75 a 79 años (Mujeres),1002000108,11,2020,42868.0
75 a 79 años (Mujeres),1002000108,12,2020,30599.0
75 a 79 años (Mujeres),1002000108,13,2020,24607.0
75 a 79 años (Mujeres),1002000108,14,2020,63993.0
75 a 79 años (Mujeres),1002000108,15,2020,115335.0
75 a 79 años (Mujeres),1002000108,16,2020,39244.0
75 a 79 años (Mujeres),1002000108,17,2020,17581.0
75 a 79 años (Mujeres),1002000108,18,2020,10118.0
75 a 79 años (Mujeres),1002000108,19,2020,41804.0
75 a 79 años (Mujeres),1002000108,20,2020,38820.0
75 a 79 años (Mujeres),1002000108,21,2020,49695.0
75 a 79 años (Mujeres),1002000108,22,2020,14901.0
75 a 79 años (Mujeres),1002000108,23,2020,6420.0
75 a 79 años (Mujeres),1002000108,24,2020,23695.0
75 a 79 años (Mujeres),1002000108,25,2020,25147.0
75 a 79 años (Mujeres),1002000108,26,2020,21842.0
75 a 79 años (Mujeres),1002000108,27,2020,15152.0
75 a 79 años (Mujeres),1002000108,28,2020,27428.0
75 a 79 años (Mujeres),1002000108,29,2020,9127.0
75 a 79 años (Mujeres),1002000108,30,2020,76773.0
75 a 79 años (Mujeres),1002000108,31,2020,18449.0
75 a 79 años (Mujeres),1002000108,32,2020,13342.0
80 a 84 años (Mujeres),1002000111,00,2020,651552.0
80 a 84 años (Mujeres),1002000111,01,2020,5789.0
80 a 84 años (Mujeres),1002000111,02,2020,14144.0
80 a 84 años (Mujeres),1002000111,03,2020,2515.0
80 a 84 años (Mujeres),1002000111,04,2020,3818.0
80 a 84 años (Mujeres),1002000111,05,2020,13652.0
80 a 84 años (Mujeres),1002000111,06,2020,3756.0
80 a 84 años (Mujeres),1002000111,07,2020,19198.0
80 a 84 años (Mujeres),1002000111,08,2020,17114.0
80 a 84 años (Mujeres),1002000111,09,2020,71386.0
80 a 84 años (Mujeres),1002000111,10,2020,8968.0
80 a 84 años (Mujeres),1002000111,11,2020,29911.0
80 a 84 años (Mujeres),1002000111,12,2020,21313.0
80 a 84 años (Mujeres),1002000111,13,2020,16463.0
80 a 84 años (Mujeres),1002000111,14,2020,42525.0
80 a 84 años (Mujeres),1002000111,15,2020,74229.0
80 a 84 años (Mujeres),1002000111,16,2020,27681.0
80 a 84 años (Mujeres),1002000111,17,2020,12163.0
80 a 84 años (Mujeres),1002000111,18,2020,6694.0
80 a 84 años (Mujeres),1002000111,19,2020,28281.0
80 a 84 años (Mujeres),1002000111,20,2020,27544.0
80 a 84 años (Mujeres),1002000111,21,2020,34252.0
80 a 84 años (Mujeres),1002000111,22,2020,9743.0
80 a 84 años (Mujeres),1002000111,23,2020,3851.0
80 a 84 años (Mujeres),1002000111,24,2020,17330.0
80 a 84 años (Mujeres),1002000111,25,2020,16506.0
80 a 84 años (Mujeres),1002000111,26,2020,14305.0
80 a 84 años (Mujeres),1002000111,27,2020,9722.0
80 a 84 años (Mujeres),1002000111,28,2020,18919.0
80 a 84 años (Mujeres),1002000111,29,2020,6256.0
80 a 84 años (Mujeres),1002000111,30,2020,52150.0
80 a 84 años (Mujeres),1002000111,31,2020,11957.0
80 a 84 años (Mujeres),1002000111,32,2020,9417.0
85 a 89 años (Mujeres),1002000114,00,2020,375894.0
85 a 89 años (Mujeres),1002000114,01,2020,3216.0
85 a 89 años (Mujeres),1002000114,02,2020,7174.0
85 a 89 años (Mujeres),1002000114,03,2020,1391.0
85 a 89 años (Mujeres),1002000114,04,2020,2300.0
85 a 89 años (Mujeres),1002000114,05,2020,6992.0
85 a 89 años (Mujeres),1002000114,06,2020,2062.0
85 a 89 años (Mujeres),1002000114,07,2020,11201.0
85 a 89 años (Mujeres),1002000114,08,2020,8665.0
85 a 89 años (Mujeres),1002000114,09,2020,42038.0
85 a 89 años (Mujeres),1002000114,10,2020,4851.0
85 a 89 años (Mujeres),1002000114,11,2020,17658.0
85 a 89 años (Mujeres),1002000114,12,2020,13156.0
85 a 89 años (Mujeres),1002000114,13,2020,9708.0
85 a 89 años (Mujeres),1002000114,14,2020,23664.0
85 a 89 años (Mujeres),1002000114,15,2020,42463.0
85 a 89 años (Mujeres),1002000114,16,2020,16987.0
85 a 89 años (Mujeres),1002000114,17,2020,7554.0
85 a 89 años (Mujeres),1002000114,18,2020,3783.0
85 a 89 años (Mujeres),1002000114,19,2020,14723.0
85 a 89 años (Mujeres),1002000114,20,2020,17219.0
85 a 89 años (Mujeres),1002000114,21,2020,21151.0
85 a 89 años (Mujeres),1002000114,22,2020,5801.0
85 a 89 años (Mujeres),1002000114,23,2020,2046.0
85 a 89 años (Mujeres),1002000114,24,2020,10229.0
85 a 89 años (Mujeres),1002000114,25,2020,8786.0
85 a 89 años (Mujeres),1002000114,26,2020,7506.0
85 a 89 años (Mujeres),1002000114,27,2020,6053.0
85 a 89 años (Mujeres),1002000114,28,2020,10267.0
85 a 89 años (Mujeres),1002000114,29,2020,4100.0
85 a 89 años (Mujeres),1002000114,30,2020,30714.0
85 a 89 años (Mujeres),1002000114,31,2020,6694.0
85 a 89 años (Mujeres),1002000114,32,2020,5742.0
90 a 94 años (Mujeres),1002000117,00,2020,159448.0
90 a 94 años (Mujeres),1002000117,01,2020,1468.0
90 a 94 años (Mujeres),1002000117,02,2020,2961.0
90 a 94 años (Mujeres),1002000117,03,2020,569.0
90 a 94 años (Mujeres),1002000117,04,2020,936.0
90 a 94 años (Mujeres),1002000117,05,2020,2886.0
90 a 94 años (Mujeres),1002000117,06,2020,916.0
90 a 94 años (Mujeres),1002000117,07,2020,4553.0
90 a 94 años (Mujeres),1002000117,08,2020,3246.0
90 a 94 años (Mujeres),1002000117,09,2020,19472.0
90 a 94 años (Mujeres),1002000117,10,2020,1892.0
90 a 94 años (Mujeres),1002000117,11,2020,8188.0
90 a 94 años (Mujeres),1002000117,12,2020,5148.0
90 a 94 años (Mujeres),1002000117,13,2020,4335.0
90 a 94 años (Mujeres),1002000117,14,2020,10663.0
90 a 94 años (Mujeres),1002000117,15,2020,17001.0
90 a 94 años (Mujeres),1002000117,16,2020,7387.0
90 a 94 años (Mujeres),1002000117,17,2020,3162.0
90 a 94 años (Mujeres),1002000117,18,2020,1594.0
90 a 94 años (Mujeres),1002000117,19,2020,6462.0
90 a 94 años (Mujeres),1002000117,20,2020,7080.0
90 a 94 años (Mujeres),1002000117,21,2020,8867.0
90 a 94 años (Mujeres),1002000117,22,2020,2599.0
90 a 94 años (Mujeres),1002000117,23,2020,768.0
90 a 94 años (Mujeres),1002000117,24,2020,4550.0
90 a 94 años (Mujeres),1002000117,25,2020,3514.0
90 a 94 años (Mujeres),1002000117,26,2020,2878.0
90 a 94 años (Mujeres),1002000117,27,2020,2380.0
90 a 94 años (Mujeres),1002000117,28,2020,4317.0
90 a 94 años (Mujeres),1002000117,29,2020,1864.0
90 a 94 años (Mujeres),1002000117,30,2020,12759.0
90 a 94 años (Mujeres),1002000117,31,2020,2624.0
90 a 94 años (Mujeres),1002000117,32,2020,2409.0
95 a 99 años (Mujeres),1002000120,00,2020,58590.0
95 a 99 años (Mujeres),1002000120,01,2020,512.0
95 a 99 años (Mujeres),1002000120,02,2020,990.0
95 a 99 años (Mujeres),1002000120,03,2020,214.0
95 a 99 años (Mujeres),1002000120,04,2020,348.0
95 a 99 años (Mujeres),1002000120,05,2020,879.0
95 a 99 años (Mujeres),1002000120,06,2020,365.0
95 a 99 años (Mujeres),1002000120,07,2020,2103.0
95 a 99 años (Mujeres),1002000120,08,2020,946.0
95 a 99 años (Mujeres),1002000120,09,2020,6341.0
95 a 99 años (Mujeres),1002000120,10,2020,594.0
95 a 99 años (Mujeres),1002000120,11,2020,3017.0
95 a 99 años (Mujeres),1002000120,12,2020,2293.0
95 a 99 años (Mujeres),1002000120,13,2020,1905.0
95 a 99 años (Mujeres),1002000120,14,2020,3959.0
95 a 99 años (Mujeres),1002000120,15,2020,6174.0
95 a 99 años (Mujeres),1002000120,16,2020,3004.0
95 a 99 años (Mujeres),1002000120,17,2020,1137.0
95 a 99 años (Mujeres),1002000120,18,2020,563.0
95 a 99 años (Mujeres),1002000120,19,2020,1964.0
95 a 99 años (Mujeres),1002000120,20,2020,2818.0
95 a 99 años (Mujeres),1002000120,21,2020,3554.0
95 a 99 años (Mujeres),1002000120,22,2020,974.0
95 a 99 años (Mujeres),1002000120,23,2020,278.0
95 a 99 años (Mujeres),1002000120,24,2020,1691.0
95 a 99 años (Mujeres),1002000120,25,2020,1154.0
95 a 99 años (Mujeres),1002000120,26,2020,882.0
95 a 99 años (Mujeres),1002000120,27,2020,980.0
95 a 99 años (Mujeres),1002000120,28,2020,1375.0
95 a 99 años (Mujeres),1002000120,29,2020,699.0
95 a 99 años (Mujeres),1002000120,30,2020,4976.0
95 a 99 años (Mujeres),1002000120,31,2020,916.0
95 a 99 años (Mujeres),1002000120,32,2020,985.0
100 años y más (Mujeres),1002000066,00,2020,11651.0
100 años y más (Mujeres),1002000066,01,2020,76.0
100 años y más (Mujeres),1002000066,02,2020,171.0
100 años y más (Mujeres),1002000066,03,2020,37.0
100 años y más (Mujeres),1002000066,04,2020,71.0
100 años y más (Mujeres),1002000066,05,2020,144.0
100 años y más (Mujeres),1002000066,06,2020,95.0
100 años y más (Mujeres),1002000066,07,2020,798.0
100 años y más (Mujeres),1002000066,08,2020,155.0
100 años y más (Mujeres),1002000066,09,2020,951.0
100 años y más (Mujeres),1002000066,10,2020,97.0
100 años y más (Mujeres),1002000066,11,2020,456.0
100 años y más (Mujeres),1002000066,12,2020,709.0
100 años y más (Mujeres),1002000066,13,2020,450.0
100 años y más (Mujeres),1002000066,14,2020,715.0
100 años y más (Mujeres),1002000066,15,2020,1034.0
100 años y más (Mujeres),1002000066,16,2020,549.0
100 años y más (Mujeres),1002000066,17,2020,214.0
100 años y más (Mujeres),1002000066,18,2020,140.0
100 años y más (Mujeres),1002000066,19,2020,304.0
100 años y más (Mujeres),1002000066,20,2020,683.0
100 años y más (Mujeres),1002000066,21,2020,730.0
100 años y más (Mujeres),1002000066,22,2020,166.0
100 años y más (Mujeres),1002000066,23,2020,36.0
100 años y más (Mujeres),1002000066,24,2020,279.0
100 años y más (Mujeres),1002000066,25,2020,234.0
100 años y más (Mujeres),1002000066,26,2020,114.0
100 años y más (Mujeres),1002000066,27,2020,277.0
100 años y más (Mujeres),1002000066,28,2020,207.0
100 años y más (Mujeres),1002000066,29,2020,140.0
100 años y más (Mujeres),1002000066,30,2020,1358.0
100 años y más (Mujeres),1002000066,31,2020,124.0
100 años y más (Mujeres),1002000066,32,2020,137.0
