fecha,Total,Aguascalientes,Baja California,Baja California Sur,Campeche,Coahuila,Colima,Chiapas,Chihuahua,Ciudad de México,Durango,Guanajuato,Guerrero,Hidalgo,Jalisco,México,Michoacán,Morelos,Nayarit,Nuevo León,Oaxaca,Puebla,Querétaro,Quintana Roo,San Luis Potosí,Sinaloa,Sonora,Tabasco,Tamaulipas,Tlaxcala,Veracruz,Yucatán,Zacatecas
2003-01-01,3170.126737,62.442901,28.595444,3.987813,8.909331,28.997638,24.30478,86.783959,50.514965,159.743934,56.226419,230.539936,287.617094,197.847377,117.105733,281.250256,394.262648,82.044741,48.262741,32.258613,160.901298,182.182514,56.591143,9.776402,79.067436,69.249275,27.582963,17.394818,49.415171,28.775101,209.549124,12.148818,85.796351
2003-04-01,3904.647329,58.705605,33.708389,4.480667,14.266795,34.496313,26.426165,108.890042,58.35475,203.413228,68.015871,280.813062,379.542401,223.648921,160.351797,363.359291,466.370148,96.013322,58.629448,44.304939,202.42925,219.056177,75.476297,11.620275,103.374646,83.280945,31.909373,21.653829,59.269887,37.302022,255.613403,14.28885,105.581222
2003-07-01,4128.11669,68.790372,44.375082,6.098282,16.575863,38.971402,25.99991,117.88606,67.935231,236.972521,70.740465,288.292634,388.651614,224.063877,172.801364,372.259527,473.919197,98.153181,61.635146,56.301034,216.903624,229.591874,76.640353,17.559166,118.105858,85.087829,35.803639,23.370311,65.141654,41.873855,263.195783,17.03588,107.384103
2003-10-01,3935.795654,70.328947,35.322436,4.382727,11.856838,37.365716,27.008749,121.568826,59.869103,214.629357,67.503989,306.810394,351.646138,231.888908,158.189645,318.19603,452.915835,96.952133,58.999913,56.304937,206.883126,223.051875,74.629804,13.889985,102.954096,82.895242,33.034494,23.474539,60.636019,41.239351,270.82407,16.937229,103.605204
2004-01-01,3733.861218,73.544189,34.45523,3.709259,10.390078,34.721799,29.546547,108.118457,57.047462,187.377628,67.091139,282.174744,353.03378,220.384882,138.358326,314.245629,474.708512,90.713322,53.493902,57.909938,185.442151,201.247551,68.161088,13.558859,94.822251,80.152023,35.77543,20.218367,57.986562,35.440877,233.08255,15.888735,101.059951
2004-04-01,4968.637677,82.321918,43.677391,4.940045,14.047975,45.390288,33.803616,162.049972,76.373819,251.225864,87.509399,382.499286,483.534595,271.167829,204.310753,390.997181,630.28746,114.630791,70.016396,80.149377,258.852212,272.226049,98.410639,18.223823,127.623809,100.66771,45.766526,27.802826,77.591848,47.041478,312.290881,19.570443,133.635479
2004-07-01,5028.024585,82.973286,45.677204,4.949111,14.938981,47.834245,34.331093,166.651033,77.639047,247.425263,88.886368,406.40789,484.580595,266.850313,206.17327,383.63512,615.11904,116.514637,72.757171,81.896209,269.056272,276.814275,100.815612,18.193795,132.415618,100.354459,46.122701,29.571004,78.546752,56.340942,322.821534,20.373575,131.35817
2004-10-01,4601.224478,75.99503,41.218827,4.20239,13.923963,52.089796,36.664217,150.730233,68.361163,235.643658,86.180382,374.706377,406.838626,259.944533,176.741566,373.351157,561.28824,111.323602,66.13515,75.894535,235.508429,258.767306,86.013878,17.481717,114.348051,92.846157,42.756149,27.692577,69.978042,46.269204,299.857591,19.913657,118.558273
2005-01-01,4487.522921,67.807962,52.400685,5.28418,13.129019,52.114722,38.514981,148.349841,81.096145,253.32761,83.636042,353.316424,392.33254,256.972928,158.889827,374.553789,532.102916,106.338052,64.418099,57.843475,215.424785,235.788084,81.122373,19.114251,114.184201,95.55354,62.716087,30.425438,85.805141,41.328612,279.468755,19.869321,114.293098
2005-04-01,5733.860582,77.984737,66.827984,6.239538,17.407572,62.037223,42.418478,202.884943,103.712029,328.847335,104.577766,462.195458,526.381173,311.275557,222.40769,438.801235,652.518102,132.154205,77.864459,74.990513,283.318899,308.920415,112.148805,22.886985,150.189787,119.039814,81.62429,41.017153,115.485185,57.320054,360.140991,23.894595,146.347609
2005-07-01,5785.514002,87.58523,70.209337,6.413334,17.31552,63.070191,42.041105,209.602422,102.527752,347.55361,102.136221,474.129937,516.795426,300.068699,225.290386,440.718461,642.311691,132.923178,81.189178,74.218039,296.31752,320.989558,112.166583,21.306829,151.316376,119.091019,76.480619,42.405642,113.909025,63.888446,365.627746,24.330098,141.584824
2005-10-01,5681.373413,89.207267,67.19735,6.514495,17.874002,63.54185,42.102486,204.501292,101.852196,382.921387,93.950638,475.235833,469.251554,306.290144,208.394639,441.666493,615.468322,133.735849,79.214414,76.931332,285.187454,316.365326,100.47817,21.665621,146.618559,117.447259,73.905211,42.610176,110.134212,58.563301,368.24414,26.042955,138.259488
2006-01-01,5734.33167,82.194562,68.569036,6.556396,18.240355,63.400685,42.981713,206.068383,113.833444,394.79336,95.731187,452.323907,487.699962,325.599503,206.825305,451.939595,595.802813,132.137473,76.327506,78.493204,287.948943,314.317108,103.271385,21.488245,151.894027,115.790282,86.270388,42.257394,116.331346,54.080018,366.817137,26.335826,148.011185
2006-04-01,6947.563053,100.485542,78.258122,7.537465,22.270553,73.795316,47.869547,264.063495,130.13346,386.193708,116.913434,572.874896,646.07537,391.744265,277.894417,520.156035,674.403559,155.991541,92.507627,91.893941,374.235849,397.600612,138.028622,25.024798,195.038142,135.606265,92.291825,51.596738,135.350913,72.330303,463.084487,30.9908,185.321407
2006-07-01,6666.888947,100.83641,80.241835,7.314309,21.499297,71.706551,46.790169,246.881354,119.057963,362.883738,111.679628,544.169394,629.041514,370.993342,263.745303,502.423071,641.418813,152.337134,93.288469,88.952674,363.35904,394.774879,130.314318,26.176749,193.135344,129.162264,77.31793,49.08421,127.375104,76.580476,437.593588,32.25822,174.495856
2006-10-01,6218.051385,95.871374,74.995492,7.126082,19.998332,66.424262,45.457968,223.821727,110.905709,346.522511,104.171705,509.779566,548.386406,367.384824,234.381752,500.956259,592.066993,147.53354,86.117981,83.212815,334.635326,375.880862,112.465739,26.84697,174.421977,122.660144,70.085673,44.900558,117.669696,67.692854,413.286361,32.493625,159.896301
2007-01-01,5916.231273,94.604411,75.943457,6.968452,18.336803,66.540094,47.92533,202.343221,105.446263,248.276884,102.943463,485.458901,528.8281,345.326849,238.943793,483.600831,580.254685,145.171812,82.454497,74.164069,328.585855,358.758949,106.52236,22.187553,167.335736,123.166926,77.432101,41.39043,113.488172,61.372754,392.472506,31.343079,158.642937
2007-04-01,6947.79583,100.299043,87.654229,8.072406,21.294133,79.453257,55.696879,246.001372,116.416843,272.617807,120.363691,568.563694,665.164216,392.613644,302.625934,525.775239,651.665759,165.710215,97.031933,86.856131,399.622688,426.37594,130.823934,25.537167,210.455407,140.355366,92.567064,49.069643,142.433333,79.278496,466.63369,34.683462,186.083215
2007-07-01,7268.51605,99.336051,93.981136,9.13325,22.401843,80.271708,53.388231,265.023111,127.024144,286.41368,125.065992,612.790468,672.810896,406.162238,310.081199,533.096166,662.763942,174.459604,107.025294,89.415634,442.81528,451.806531,135.502423,27.664307,221.100678,140.048222,90.775756,51.784984,144.92205,91.036855,514.429376,37.747781,188.23722
2007-10-01,6563.392845,87.466665,85.213796,8.641441,20.346068,74.067436,47.302908,230.593834,122.783371,277.074335,115.758195,553.826971,580.290772,381.709988,267.273478,501.989152,599.49307,165.665995,98.050551,84.634972,384.287933,420.685349,113.81679,25.565132,198.825943,132.012863,79.474665,45.028833,128.483349,79.386015,446.23566,36.350951,171.056364
2008-01-01,5930.106979,74.142733,80.235326,7.966733,17.098649,67.023361,44.022925,189.415959,116.32963,255.68438,105.863087,480.360425,537.570951,350.231868,222.518433,466.715627,584.763237,148.458023,85.885747,77.259632,338.366483,373.853893,100.678086,23.132141,173.062296,123.054676,80.302274,38.300518,121.348155,66.007782,386.466203,34.204361,159.783385
2008-04-01,7122.057222,91.311665,92.035952,9.11459,21.103261,79.925009,49.633794,235.043798,134.61624,301.86339,126.29928,578.327707,674.97086,405.912183,280.474091,530.316488,684.981076,173.384128,102.402401,92.070878,419.760819,454.976741,126.142423,27.273136,220.666364,138.909075,93.818556,46.319095,143.694182,84.095196,463.961189,38.645821,200.007834
2008-07-01,6685.543083,95.522568,93.061612,9.470372,19.704627,73.823734,48.245173,225.821535,125.970476,281.736851,117.987832,555.692248,623.001768,367.105522,256.24113,495.079887,639.330376,164.481648,101.771308,84.990171,413.717274,438.283258,115.933497,26.71806,203.445904,122.451806,79.912461,41.489709,134.186358,88.08303,429.868252,35.749404,176.665232
2008-10-01,6447.508917,85.024639,82.823483,9.582508,17.898416,69.157401,50.39019,194.402634,117.552688,289.395084,110.20606,537.758866,578.210749,371.412017,241.568057,501.457615,640.86756,161.962926,102.029281,82.889069,413.559246,415.276502,111.762587,24.252088,195.290167,123.401551,69.772663,36.362542,122.11545,79.705122,404.911471,33.123199,173.387086
2009-01-01,5728.095496,77.788498,76.934861,8.500549,15.413823,63.27447,47.253431,158.265628,111.980251,258.123877,101.619691,460.422387,520.41215,332.287577,198.957781,474.311404,587.406218,147.562793,88.421397,77.624652,338.125259,353.14383,97.718816,21.647578,166.746181,122.285646,72.755739,31.713431,108.841233,63.344193,355.364087,29.202547,160.645518
2009-04-01,5861.138924,78.49567,86.682232,8.379279,15.260059,63.905987,43.58836,171.755266,110.218402,259.738183,103.267356,464.975128,549.461797,322.989534,214.47299,467.042774,581.230352,148.8797,90.401563,79.619423,358.529373,375.797017,101.470368,22.82806,174.822824,123.566911,79.028611,32.07923,113.682263,69.885671,358.396705,29.984311,160.703525
2009-07-01,5591.704996,70.73183,89.61272,8.399175,14.443567,61.060384,41.547527,167.220419,105.206723,253.204632,96.941581,446.402209,515.414696,306.248954,200.375351,424.665456,549.43976,142.27703,93.767715,77.221654,352.1954,368.711376,95.838366,22.891833,167.594077,117.227445,74.243861,29.685851,112.301063,74.58862,338.840193,28.58456,144.820968
2009-10-01,4942.786364,66.033425,81.124597,7.862976,12.851392,54.913849,38.746184,135.871577,96.071624,231.796472,87.339175,394.234546,434.258402,284.82195,167.122339,394.175291,496.05807,130.422458,82.105727,69.759396,299.389088,329.886343,78.9644,21.476064,141.638225,111.166581,63.361887,25.330648,96.04703,60.937998,293.479096,26.382313,129.157241
2010-01-01,5002.750774,69.881528,79.818378,8.964645,13.54446,60.091619,42.338921,126.729033,101.293495,232.197895,87.42953,397.992904,447.98973,287.648253,160.484861,428.082216,514.515172,136.030825,77.21227,69.389154,291.093827,313.325452,77.613792,19.772407,141.783008,114.872176,70.246657,26.628937,91.103094,53.932725,290.846916,28.273647,141.623247
2010-04-01,6023.045318,81.642279,94.547297,8.820457,15.27189,62.874401,46.324363,169.193907,109.287159,275.760343,107.105032,460.436336,573.247942,347.855861,209.331675,485.392893,604.089788,155.358367,91.405909,77.430441,374.007586,386.298334,104.99356,23.900634,177.123119,129.715333,78.734288,32.082165,116.424813,72.149481,358.095458,30.379153,163.765054
2010-07-01,5734.785202,78.129753,95.486054,8.53176,14.773328,61.252781,45.085592,162.699992,103.584906,270.801732,100.940926,438.475326,542.815577,312.884593,199.119065,459.077892,567.847456,146.123026,92.870032,74.794283,361.815191,374.186941,99.267717,23.547006,172.394291,120.881912,74.597681,30.03701,108.068718,76.395279,334.723584,30.084557,153.491241
2010-10-01,5230.758061,73.747333,89.330527,8.515582,13.242946,57.34844,43.305931,134.374464,96.538473,252.71641,95.845052,393.525985,481.184038,291.90719,169.665779,439.633841,527.290037,135.257607,86.789481,71.539383,311.481723,341.653537,84.093825,22.38273,158.433087,119.926928,77.846767,26.188885,99.677231,64.377242,293.743147,27.59507,141.59939
2011-01-01,5263.521103,71.159058,91.919175,8.351643,13.283794,56.873279,45.347088,135.132862,100.35926,258.270998,96.067576,385.285438,487.614593,303.081898,165.536764,451.220228,533.263474,138.2151,83.116711,70.036451,309.939485,341.737584,81.592044,21.272871,149.350208,121.688639,84.778051,26.242748,97.987193,59.065598,300.539808,28.294273,146.897211
2011-04-01,6266.325159,81.952566,104.923076,9.658698,16.021507,67.061222,47.723645,173.794666,112.850751,307.530553,114.191696,460.818317,600.610718,353.158026,215.249386,502.315052,603.59421,161.900993,92.827709,84.050767,390.4134,407.42621,108.84467,24.974407,196.318318,138.429385,89.3527,31.742429,123.467215,75.261164,364.661391,31.797808,173.402504
2011-07-01,6347.021774,84.291259,110.82912,10.31961,16.402463,67.041115,49.451071,167.453653,113.303533,322.243467,114.858597,463.750944,606.985506,340.541395,220.55198,521.537109,611.046992,161.811728,101.62657,85.138388,418.104112,409.13234,110.731693,25.82454,197.933413,138.419846,84.496839,30.805929,124.689983,83.06687,351.252187,32.321847,171.057675
2011-10-01,5670.477834,78.919272,102.041053,9.518207,13.995612,64.056215,47.295105,137.858366,106.459288,301.533799,105.101168,402.63472,530.975442,306.714975,186.254933,482.580387,570.392788,144.028138,90.42646,79.787509,355.619601,359.293017,94.664247,23.009585,180.111108,129.977693,78.929791,26.581414,113.707768,66.136789,298.138481,29.237134,154.497769
2012-01-01,5572.262989,81.085044,100.497283,9.766055,13.892485,65.086202,47.343067,142.368886,111.439265,297.071503,104.078307,389.159893,517.235953,314.448953,172.915275,479.437051,558.389091,140.221659,82.89774,82.766798,330.082419,346.004546,87.259158,23.679961,169.755973,128.818832,85.581827,27.995804,116.113314,60.217378,298.264054,30.108133,158.28108
2012-04-01,6701.02302,100.357516,121.451249,10.990531,16.487761,77.525922,52.506735,175.753826,134.81476,310.919339,123.900217,462.604796,654.281356,355.96266,228.761928,562.274841,658.204373,166.806601,96.547085,96.073232,434.298589,414.566005,119.484218,26.764131,217.019109,145.337512,94.883671,33.447543,144.113173,75.484212,362.196902,33.187013,194.016214
2012-07-01,5628.44679,85.521181,127.402289,10.594023,14.287033,78.149528,44.355901,143.613672,123.424144,249.594616,113.20376,396.621283,536.031516,298.787337,181.901562,453.689453,540.636904,138.863783,87.554949,89.984652,340.51519,349.455774,96.729383,22.884084,194.18821,125.827583,80.467452,28.219132,126.805023,67.503401,286.230441,30.237311,165.16622
2012-10-01,5384.539317,78.265897,133.275518,11.585497,13.056913,73.55943,42.766371,132.61481,114.831532,193.899014,106.237568,374.503152,511.524494,308.381115,165.138477,459.214491,535.573426,136.592598,85.394329,84.089075,312.860545,346.285194,89.417006,23.519959,185.739859,120.1879,78.183431,25.802354,116.839209,59.614829,273.668059,30.178345,161.73892
2013-01-01,5246.557294,70.935872,142.221246,10.169927,12.094235,78.636967,43.07477,120.173352,125.691646,311.944592,104.577428,345.65832,470.724077,292.874073,139.040495,419.239244,492.796309,122.011547,74.110158,154.999869,273.916192,317.824549,78.799285,24.34207,161.678093,123.322958,83.598474,26.68478,152.013945,48.157899,247.261881,31.0417,146.941341
2013-04-01,6294.505772,84.477649,164.270856,11.503654,15.058429,90.696362,51.636922,143.305481,142.405053,393.151628,127.080799,406.322645,587.435448,343.459548,173.39249,496.230137,576.041756,145.280963,87.814494,158.088616,330.144571,379.903016,104.522802,28.284861,201.640012,141.599781,97.20777,35.167179,200.12377,60.605214,300.848565,35.071655,181.733646
2013-07-01,5859.960804,80.581209,163.975015,10.996835,14.269552,87.717666,47.865721,133.510406,137.172092,379.887393,123.384069,379.904981,526.789996,297.932979,175.414489,453.553274,526.079584,132.279057,88.063428,151.550058,303.192871,350.629896,96.013826,26.882023,191.531427,131.080227,87.186927,31.110472,196.723665,61.752041,270.809181,32.928124,169.19232
2013-10-01,5689.013402,80.801369,156.201742,14.761131,15.509311,81.829215,47.530732,123.495554,128.273562,359.940271,120.823847,353.841917,495.319992,315.762169,165.617859,449.173932,529.383989,133.876228,82.886664,147.096175,286.320109,335.722446,146.625277,25.070365,178.10551,125.030107,85.658683,28.554006,183.921945,54.588386,246.854429,31.021073,159.415407
2014-01-01,5677.588469,79.194217,149.441377,10.452928,12.823638,82.711347,47.119522,130.227754,137.138585,421.770333,110.829242,349.965493,508.357288,296.634237,140.227832,477.381717,538.01414,123.960433,82.131483,144.649949,291.972113,322.016025,86.125825,24.730143,169.805664,130.999202,82.929078,31.517506,207.902908,47.905876,244.82537,31.628664,162.19858
2014-04-01,6386.825895,86.552642,160.027234,11.849959,15.71095,95.49875,47.626764,151.477346,151.585164,451.567708,129.666998,387.826049,584.438959,326.511491,170.61277,506.438213,581.56892,148.241517,92.512126,161.476442,319.240613,359.106418,105.306359,27.256374,206.434267,138.422783,92.441677,39.317665,270.415112,58.121714,289.173922,34.085122,186.313867
2014-07-01,6123.847991,83.263578,161.000838,12.538076,15.115521,124.127464,70.717774,111.622915,129.269605,347.976749,134.311235,381.450294,558.178777,326.712481,195.518466,476.572531,575.991934,135.852222,99.630944,161.355893,321.483323,353.104608,108.780172,28.502499,209.151716,126.045016,85.702358,32.476761,195.484037,63.218606,278.823285,34.384913,185.4834
2014-10-01,6213.583983,85.529142,159.429415,13.224541,14.040086,102.593588,58.408462,126.354135,147.722795,337.48382,132.986329,392.776627,511.024238,295.3174,238.2655,559.887147,624.53048,137.322701,99.432542,162.087125,323.984805,350.598913,109.949501,28.163139,209.916031,136.645454,87.376864,32.119021,185.03317,57.087097,270.617073,33.483149,190.193693
2015-01-01,5870.010408,82.780588,154.719724,11.853519,13.261175,94.561498,58.967087,131.116112,143.827421,256.747143,120.570707,380.228052,521.286074,293.398991,186.264068,551.452672,620.446799,131.35666,91.101765,149.65497,316.612046,329.213532,102.211845,27.985174,184.619177,132.739848,87.250238,29.231862,146.725582,49.883653,256.358178,33.356654,180.227594
2015-04-01,6493.484698,90.215377,173.437383,13.197655,15.304802,115.666427,63.022732,138.976845,179.534494,272.139883,201.9465,408.153184,549.636396,347.612779,187.413325,516.854847,598.479145,169.272906,91.45825,171.364691,309.891484,327.477912,119.838154,33.444092,220.110165,138.160097,126.767917,86.626018,190.653233,133.928339,271.876391,40.499291,190.523984
2015-07-01,6695.660956,94.603535,179.236933,13.758127,15.317832,103.400216,57.222816,164.466183,175.270344,275.327285,149.878618,416.712578,623.359347,338.820996,198.010423,591.559865,678.555978,147.001446,115.189381,171.012704,353.629117,367.292601,131.037742,31.918663,242.260538,137.353682,97.711527,35.12382,185.04434,65.651948,293.745513,35.867895,210.318963
2015-10-01,6317.351928,89.495691,166.08355,13.558556,14.280705,98.295632,55.564295,158.671977,164.186595,289.985787,138.043259,397.40693,563.48201,333.296466,176.615215,566.204665,653.452691,142.045403,104.59479,161.856042,318.945218,349.49186,116.821152,30.897769,222.767168,132.719867,97.358731,34.683259,171.730698,56.196972,269.391864,33.8099,195.417211
2016-01-01,6335.405106,91.911207,166.873518,13.227018,14.643297,95.761816,57.462815,149.641328,165.693547,319.174049,131.825191,389.767806,557.394419,341.976775,170.680601,599.090378,659.286064,142.136502,97.494628,159.573663,333.084097,349.000428,112.473539,30.062,211.518493,139.608646,101.864361,33.172464,151.350807,50.543222,266.682054,33.54885,198.881523
2016-04-01,7112.897009,102.595278,177.695751,14.641815,17.17631,109.507961,63.189882,148.717831,184.84115,361.972121,159.115792,426.820674,640.021758,369.409067,206.612226,666.038385,720.357649,155.549317,113.292186,169.719958,371.477069,387.053053,141.524281,33.060445,252.928721,150.396091,115.046339,41.227443,177.170997,61.558424,302.255563,37.411069,234.512403
2016-07-01,7066.432987,106.148115,172.099173,14.572868,17.709814,111.191807,65.239254,148.138289,188.608836,379.647575,168.865428,411.118353,639.00586,339.325979,207.097314,652.823977,702.65743,148.820554,121.289155,160.019792,372.749013,379.759713,141.699269,34.621297,262.502969,170.151269,104.106041,41.029617,172.302809,67.424385,292.005908,38.040415,235.660709
2016-10-01,7116.40869,105.04788,166.893081,13.673603,17.478947,114.466015,72.063999,146.538405,176.38517,374.532217,161.356878,422.51809,623.198327,355.701847,200.819499,663.225188,739.157854,151.261525,116.280867,174.867224,383.629508,385.315176,139.042897,35.635003,259.324086,177.555754,101.606906,43.158576,169.063049,60.327103,294.846159,37.444469,233.993388
2017-01-01,7065.336904,102.456888,169.119781,15.253605,18.020062,113.000034,66.234505,157.838076,187.878988,313.204213,153.625181,422.43678,618.644126,368.274208,194.54005,665.457403,720.776862,152.046927,109.137069,204.000242,388.090236,393.399711,134.686549,34.246775,249.666832,174.114522,102.417364,38.493126,157.928152,55.664552,312.643142,42.215363,229.82558
2017-04-01,7813.077447,112.822083,193.512158,16.584383,19.604943,129.676079,77.768869,165.364377,205.669568,332.853041,186.625771,454.914912,722.198592,395.552112,220.916656,730.088273,781.654596,170.057636,125.037686,222.295655,397.208596,421.691781,155.277278,36.836673,295.201014,188.33871,114.087343,40.921698,183.311137,64.923736,337.513017,46.334198,268.234876
2017-07-01,7892.509044,114.073725,202.181808,17.891617,20.089953,135.143219,79.606138,171.654913,215.593021,345.980981,200.859919,461.292464,722.222797,373.040447,220.762887,735.235772,771.493501,169.762832,136.732196,223.123842,391.882248,418.899529,157.84811,39.007306,302.20341,181.626979,118.546903,44.7005,197.628326,70.656077,336.256594,47.921601,268.589429
2017-10-01,8171.990823,115.364536,199.822472,18.232321,19.721964,157.613875,87.913984,173.418668,219.362583,338.172299,195.645293,475.831358,743.159802,398.172998,222.700832,787.160783,849.436396,169.766846,137.555404,234.257797,403.261192,427.819056,159.782906,40.222671,309.63136,195.47227,124.558465,45.554406,201.70791,65.861364,337.851598,48.147198,268.810216
2018-01-01,7332.137938,104.536565,187.659185,17.124094,17.431286,139.459365,85.641303,173.940631,205.260533,307.552695,164.321368,426.818053,645.489426,374.552222,190.249237,718.783584,750.739658,151.196881,114.038265,209.779913,378.362919,391.326973,134.968727,38.070382,261.933241,179.509245,114.885431,43.529694,174.428337,53.184196,297.563933,45.136653,234.663943
2018-04-01,9273.282253,130.130626,231.235079,20.62809,21.284555,156.563296,85.943985,217.382002,266.306353,387.662227,225.646875,526.471248,847.337656,451.738939,257.201506,914.500622,938.080166,186.184633,148.196298,258.396701,491.659682,472.123988,185.628739,43.070539,347.852793,217.222989,145.355967,55.97483,219.903458,70.252008,385.927407,53.920557,313.498439
2018-07-01,8687.421813,122.582918,225.096392,20.381497,21.633827,154.023738,76.066774,223.290055,261.495627,354.326678,226.456183,496.562116,788.758175,405.166878,242.716778,816.895461,849.496368,175.186975,144.545732,241.739528,443.046774,445.122268,178.093498,43.996286,333.335676,203.85567,139.002642,55.960154,213.120893,72.45032,371.758787,53.275637,287.981508
2018-10-01,9142.274479,128.919412,231.12724,21.516347,21.376892,155.621679,83.390094,230.352143,262.26902,417.082752,217.350652,518.05923,827.061706,437.888152,242.311401,897.937119,964.998162,183.336324,154.513493,241.741999,476.882835,448.292943,176.560768,46.028358,330.337227,228.857388,146.233829,59.094681,207.551356,67.799272,370.254016,54.626428,292.901561
2019-01-01,8072.097195,112.806644,206.565932,19.555512,19.330358,142.602414,68.846392,227.687846,247.390028,389.560795,182.717621,464.375491,705.086951,406.172971,205.982731,784.268166,805.366404,163.311702,126.775257,219.818853,408.608048,407.120245,149.803549,42.766197,287.848395,206.632044,135.048224,60.972048,189.313982,55.250323,331.140213,49.55191,249.819949
2019-04-01,9695.375737,132.508134,239.604253,22.690153,24.397504,169.844349,78.791087,286.99647,304.594111,452.389898,232.089093,551.826322,877.632551,472.901118,261.25446,916.809173,943.669245,191.355958,154.201143,259.411282,484.777263,475.504589,189.964875,50.519747,360.610901,241.938784,160.002089,81.838152,238.695792,70.051335,407.072723,58.144454,303.288729
2019-07-01,10040.728616,140.864752,253.7569,23.312078,25.001906,176.197564,81.862435,276.814984,311.996913,469.853664,255.822667,558.373353,928.71342,467.014159,275.170526,955.350665,988.416496,193.356843,164.774825,256.175866,517.644666,489.33699,202.424254,50.706006,379.72915,247.45018,160.271017,64.607747,243.600245,75.044256,430.018434,60.952603,316.113052
2019-10-01,9442.284343,131.414558,236.067859,23.222247,22.48812,168.825774,82.436022,243.246563,283.38143,449.808916,233.271983,534.848551,876.777856,458.679846,246.436743,913.672269,981.377611,181.586918,153.644168,239.893812,462.819327,458.736004,183.756626,47.795709,352.909004,250.892638,152.592981,51.101297,222.762412,63.38854,384.864889,58.873208,290.710462
2020-01-01,9627.239636,131.517236,257.22459,22.267807,24.645626,165.426805,85.643636,258.095688,288.995107,491.997464,221.301128,557.085331,839.525735,486.921461,239.891688,1007.762895,991.124651,183.771413,153.024881,232.194481,499.134883,454.025802,182.661298,45.78948,335.809508,245.728273,159.014843,60.773497,210.948562,55.284191,379.424114,60.089377,300.138185
2020-04-01,10155.101842,139.349798,338.111357,25.12296,26.201005,188.899441,89.132944,263.659502,357.254362,510.131176,248.427407,548.383004,937.05328,466.276312,257.769344,1060.550792,1039.669003,179.658339,167.038589,252.28419,432.797242,417.753572,200.606268,44.340415,379.395736,284.199973,188.743456,57.96116,245.3812,56.768676,390.289763,46.784877,315.106699
2020-07-01,10957.1663,139.020514,315.498524,34.594857,36.593388,188.909082,88.73862,328.723363,322.906901,598.327343,254.971796,716.782403,870.975657,502.29962,286.882479,1057.441395,1030.011284,203.569404,185.178865,283.489975,520.210205,556.928783,224.187532,91.21137,373.271992,269.204449,195.265873,89.602077,268.3049,73.206947,464.001948,76.962034,309.89272
2020-10-01,10964.425236,146.744625,304.751556,29.125271,31.654158,191.299078,95.872613,330.614556,314.945645,593.79123,262.520297,673.007641,904.995544,551.210402,272.453135,1103.949688,1125.181448,215.072615,189.050392,276.556422,508.959257,504.914695,216.946714,65.88418,382.419552,272.798629,185.594945,80.426395,247.921043,67.139972,433.724637,67.903294,316.995607
2021-01-01,10932.003707,144.69477,303.932483,28.878495,30.316818,189.834116,98.987386,357.396348,344.344956,628.771132,254.572989,650.274759,883.929565,559.459139,261.818801,1192.90464,1082.087971,208.867658,184.369804,267.977252,513.246577,452.570257,199.071522,67.279636,349.717283,275.920096,190.777423,89.543622,243.056199,61.215558,414.639026,67.885266,333.66216
2021-04-01,13450.411431,184.070739,355.913111,33.181994,38.79043,237.284507,113.577936,460.947779,422.325994,740.012491,335.161348,812.437368,1129.630381,684.974471,337.394438,1356.191213,1319.442963,262.154407,228.044038,345.343797,622.666249,545.517808,262.913054,82.197876,457.92728,312.499148,233.760638,112.595472,305.85771,81.791485,525.557019,86.144319,424.103968
2021-07-01,13828.990683,186.543674,362.158323,32.949293,40.916274,247.536673,112.763322,541.594902,430.940881,796.218218,339.461896,859.22308,1152.164518,687.271167,356.822172,1333.587478,1307.481115,278.27079,225.071746,359.827036,642.873717,571.945194,289.465245,81.742153,463.981541,298.001486,227.553848,121.4844,307.516208,91.960801,564.95173,91.509205,425.202597
2021-10-01,14311.192368,195.681652,353.938235,32.963796,40.88287,249.949293,119.13942,575.588047,399.833344,835.27533,343.448231,894.101752,1214.59857,750.346742,369.363149,1402.939292,1385.199178,280.41893,232.96691,357.109007,682.070949,614.58017,277.254484,84.774895,486.671801,300.373133,230.961173,116.425519,295.327864,89.37573,574.280918,96.352416,428.999568
2022-01-01,12575.665618,175.249628,309.260619,31.887682,34.19503,222.282803,107.578631,609.332629,342.722999,689.858882,278.508421,781.895946,1048.754561,673.054685,352.088033,1208.633709,1180.876005,238.124359,188.982484,309.918491,631.722606,580.286734,245.001575,85.333587,413.717598,280.636597,207.072219,98.728579,239.250156,73.8375,489.192272,85.414796,362.265802
2022-04-01,15073.047505,219.362255,354.929024,39.835196,41.871326,266.098532,109.539077,772.546971,428.479939,814.12542,349.150229,904.857202,1321.90238,778.620776,417.044683,1393.679476,1378.154195,277.835384,224.742311,378.950998,753.967182,705.303673,312.32803,95.992473,514.858661,321.11154,239.50151,109.30708,299.189998,97.54043,601.533486,98.772549,451.915519
2022-07-01,15581.567383,232.453555,364.657126,66.634205,42.860246,277.670281,118.812774,857.219534,435.342057,860.321854,370.489522,916.569087,1351.715995,761.440503,450.763823,1409.476334,1386.960684,293.767696,225.533451,383.648387,782.755759,739.058032,329.251216,100.610258,540.908577,303.866588,231.162684,109.387127,306.433268,113.359061,640.889484,104.914646,472.633569
2022-10-01,15637.547801,233.098011,361.941625,65.824396,41.596238,295.143071,131.900388,951.611877,419.381072,819.895711,363.619226,951.282036,1331.519807,776.956978,472.626066,1377.221727,1394.901615,301.410057,229.193105,382.036973,769.496452,749.118518,316.898499,109.849775,532.719201,311.372756,232.801499,114.581792,295.746892,103.125819,635.827898,107.540448,457.308273
2023-01-01,13970.315642,209.204459,332.869713,52.724405,37.559392,253.390041,114.862592,962.290355,394.834134,752.98905,299.000963,820.491843,1173.061217,721.681134,380.054536,1261.476006,1222.551179,257.792891,195.214277,337.933008,710.657053,700.346546,271.763811,93.16416,446.12399,268.783884,211.450094,94.721861,253.287781,85.407712,561.975096,98.643757,394.008702
2023-04-01,16267.154163,246.882496,366.903315,47.87594,46.11011,267.738821,122.731358,1101.219559,418.617699,887.307006,359.601274,1158.522823,1411.259851,826.064899,453.009197,1378.739207,1386.533611,295.120993,227.159905,371.593926,814.110246,820.90811,324.993741,96.838162,540.655984,299.759925,235.533773,104.988902,289.914382,105.418996,677.411639,109.597933,474.03038
2023-07-01,16853.284515,246.610948,384.958171,39.585259,47.944523,277.173065,127.621006,1194.064965,401.775107,987.946615,380.0171,1260.37809,1438.283042,831.907612,480.119058,1382.039152,1386.980377,311.185053,228.863855,389.030422,869.043237,839.429341,337.330711,104.012107,560.869005,276.074603,237.950634,118.271841,291.36381,118.461276,698.752545,117.227592,488.014393
2023-10-01,16227.917881,236.176086,362.595252,38.088946,42.082176,253.53418,114.261324,1109.714013,376.651678,1239.696025,352.417436,1114.364665,1391.865698,802.314274,441.594707,1333.631096,1413.516433,284.97584,223.590958,373.154693,820.23866,784.240899,315.126134,103.12586,523.875188,268.588934,230.515128,102.118923,266.297022,104.90923,635.669759,108.791975,460.194689
2024-01-01,14119.009908,205.081351,321.071718,34.529157,36.175736,212.731098,105.624943,922.013019,323.95393,1066.721789,282.314781,1032.473066,1177.185203,703.815168,375.397903,1206.37264,1222.735092,250.172339,191.75263,324.641872,732.040994,727.497176,264.869451,96.918733,435.407926,228.387939,197.776694,87.50714,218.100088,85.448087,546.699943,104.795145,398.797157
2024-04-01,17293.441582,253.277955,379.845304,39.602992,45.469896,251.206526,123.247485,1102.955819,390.959279,1301.558521,366.009127,1245.16685,1494.503225,880.71413,479.051552,1444.004547,1463.76815,304.617853,230.613876,397.526216,923.413046,893.407661,341.866023,110.520616,547.644284,256.713666,225.462299,103.433028,267.735321,109.795865,698.486631,118.696246,502.167593
2024-07-01,17110.110704,257.525782,378.73933,39.182986,45.359924,248.601385,114.464225,1089.12507,400.086123,1198.886829,375.74849,1240.84536,1523.431801,842.832037,481.755811,1453.840987,1481.670917,301.011279,222.107328,323.53395,916.986885,895.159628,348.563087,101.390698,562.071417,226.02819,220.012351,98.356105,270.826685,114.947741,701.031486,119.119504,516.867313
2024-10-01,16494.274136,245.370429,383.592696,38.652802,43.488649,242.505903,112.789655,1069.085599,374.556183,1132.850013,351.157191,1103.716519,1461.187566,863.068957,453.9432,1418.763356,1487.116669,293.069359,216.523472,319.185925,870.056344,874.004788,326.486679,97.730939,543.141388,210.879002,210.549959,96.365611,270.290261,104.454436,673.677421,114.35789,491.655275
2025-01-01,14379.45397,217.997562,347.697848,34.987228,40.255006,204.19817,99.389696,975.572804,326.708359,948.997737,286.357054,900.391144,1221.793108,800.014918,398.484517,1257.243095,1271.423522,265.375061,186.163309,274.497735,811.388393,803.08143,280.519521,89.661691,451.437235,178.322698,182.270117,80.768634,222.751896,87.862276,603.195629,109.197698,421.448879
2025-04-01,15462.051529,237.860535,480.290025,35.052738,44.931867,213.978541,103.041231,1071.257069,335.132954,824.169219,331.605681,944.708913,1392.093768,858.467227,451.30528,1269.726094,1332.185165,295.473446,199.230876,294.219376,874.995315,872.511151,311.845892,90.225173,520.525107,187.873814,179.377956,85.688319,251.95274,103.161447,669.253908,115.913574,483.997128
2025-07-01,16342.096497,246.244619,517.30066,38.727559,48.39155,222.779683,107.361897,1111.631957,356.193224,962.731828,355.358526,948.008002,1467.789069,876.093,480.997498,1320.233696,1382.043249,311.773614,205.337229,313.557664,948.536619,929.2814,327.850453,98.95758,550.994686,200.538945,186.503228,88.48753,263.013525,116.942469,717.584571,123.711451,517.139516
2025-10-01,16288.096983,243.411166,461.835218,39.767397,45.334525,228.646081,112.126282,1024.825445,367.039263,1182.55663,340.914949,924.365057,1460.378286,872.521028,455.202367,1345.909025,1428.220995,305.174646,209.355036,321.124999,896.362488,889.997901,310.158586,104.715694,539.36246,213.319423,198.825834,85.611407,263.869281,108.421838,675.340148,122.042601,511.360927
2026-01-01,14698.428632,221.495629,368.251693,37.147816,41.826649,197.673415,96.892693,957.419975,329.683591,1169.185415,284.048145,841.714832,1258.345342,824.550204,402.739141,1212.106033,1255.666181,278.4467,184.192994,284.612139,850.250143,831.505168,272.02216,100.380685,464.130999,190.308961,180.34602,77.015003,228.10883,91.156047,602.917636,112.724696,451.563697
2026-04-01,,,,,,,,,,,,,,,,,,,,,,,,,,,,,,,,,
