Fecha,Aguascalientes,Baja California,Baja California Sur,Campeche,Chiapas,Chihuahua,Ciudad de México,Coahuila de Zaragoza,Colima,Durango,Guanajuato,Guerrero,Hidalgo,Jalisco,México,Michoacán de Ocampo,Morelos,Nayarit,Nuevo León,Oaxaca,Puebla,Querétaro,Quintana Roo,San Luis Potosí,Sinaloa,Sonora,Tabasco,Tamaulipas,Tlaxcala,Veracruz de Ignacio de la Llave,Yucatán,Zacatecas
julio 1997,67.14,83.91,83.76,73.25,65.93,74.73,122.47,74.3,71.4,56.98,63.16,70.05,69.05,73.23,92.79,69.62,78.48,63.4,90.09,67.09,76.72,86.92,70.07,68.51,64.23,71.29,68.17,77.48,74.13,68.97,58.64,55.77
agosto 1997,68.05,85.13,84.44,73.62,67.16,75.44,123.84,74.58,73.05,57.42,63.68,69.77,69.89,73.53,93.31,70.74,79.98,64.3,91.32,67.65,75.11,86.81,70.22,68.91,64.58,71.74,68.72,77.92,72.94,69.66,59.05,56.54
septiembre 1997,68.25,85.19,84.68,75.02,66.46,75.16,123.37,75.0,73.33,57.49,63.51,70.68,69.74,74.01,92.88,70.79,79.91,65.56,91.29,67.43,78.02,87.07,69.96,69.31,64.83,72.14,69.56,78.5,72.44,75.43,58.71,58.1
octubre 1997,67.88,86.52,86.28,77.45,66.23,75.97,123.89,75.02,72.06,58.09,63.81,71.5,70.29,74.44,93.24,71.59,85.72,65.75,91.6,67.4,78.51,87.72,70.25,70.36,65.71,72.7,69.55,79.25,73.16,70.39,59.83,58.36
noviembre 1997,68.69,87.9,87.59,78.31,66.84,77.01,125.33,75.7,71.62,58.42,64.19,70.99,71.66,74.78,94.0,72.49,80.36,65.65,92.28,67.43,82.61,88.43,70.15,70.18,66.19,73.06,70.42,80.18,74.1,70.38,59.64,58.65
diciembre 1997,70.28,90.5,88.08,81.86,67.23,78.2,128.26,77.15,73.05,60.06,64.95,71.96,72.74,76.29,96.63,72.28,85.58,68.57,93.11,68.58,79.68,91.38,71.21,70.7,67.64,75.98,71.46,81.0,76.46,71.54,60.04,59.0
enero 1998,76.79,95.21,94.39,89.45,73.67,83.36,137.54,82.53,77.96,66.24,70.72,78.12,78.38,82.44,103.57,77.83,88.13,73.78,100.82,72.13,87.39,96.66,75.48,76.93,72.94,80.27,79.56,86.35,82.38,77.12,65.43,63.98
febrero 1998,74.43,95.56,92.82,89.77,71.67,85.17,137.66,80.82,76.34,64.76,68.89,76.33,78.21,80.87,102.32,75.53,87.97,69.45,100.45,71.49,85.39,96.53,76.96,75.38,70.79,78.71,77.5,87.19,80.67,76.41,64.43,62.34
marzo 1998,77.22,96.5,93.28,90.94,72.18,85.9,138.64,82.6,78.43,64.52,69.99,77.4,78.52,81.57,104.11,76.21,89.14,68.98,102.28,71.68,86.32,97.94,79.3,75.3,71.61,79.53,78.19,89.19,83.1,76.65,65.29,62.6
abril 1998,74.93,97.99,96.31,92.22,71.89,86.03,140.4,83.35,78.65,64.99,70.91,78.46,79.47,82.26,105.72,77.42,90.63,68.02,103.01,72.09,85.74,99.43,79.22,76.14,72.32,79.82,78.21,90.19,83.66,74.99,65.8,63.58
mayo 1998,77.13,99.75,98.28,97.0,74.46,88.43,143.21,86.45,81.24,66.32,72.63,81.31,82.25,84.23,106.54,80.25,94.18,70.0,105.52,75.04,87.91,101.26,79.38,78.98,74.29,82.2,80.7,93.38,84.36,77.32,67.29,64.84
junio 1998,78.25,101.06,98.21,98.86,74.19,89.48,143.41,87.37,81.07,66.35,72.98,81.53,82.0,85.43,107.9,80.31,93.61,70.31,106.46,74.46,90.91,102.72,80.52,78.63,74.45,82.78,81.75,92.97,84.59,77.6,67.79,65.61
julio 1998,80.87,100.3,97.08,99.28,73.73,88.48,141.55,86.83,81.12,66.41,72.81,79.95,81.31,84.88,106.36,81.66,93.71,71.0,105.99,75.13,87.32,100.72,79.02,78.27,74.04,81.98,81.02,91.37,84.85,78.79,67.24,66.29
agosto 1998,80.88,101.74,97.66,100.34,74.14,88.15,142.88,87.51,82.16,66.91,73.04,79.86,81.58,85.3,107.43,81.13,92.96,71.5,107.19,74.73,89.57,101.36,79.74,79.09,74.45,82.6,81.26,90.95,83.66,87.51,67.56,66.69
septiembre 1998,81.55,102.26,98.19,100.44,74.34,88.64,142.9,88.17,82.55,66.92,73.2,80.28,81.54,85.63,107.59,81.36,92.95,71.93,108.0,74.85,91.25,101.92,79.71,79.17,74.53,82.26,81.38,91.4,83.63,89.73,67.58,67.79
octubre 1998,82.16,104.37,99.78,102.1,75.85,90.94,143.34,89.16,83.9,67.72,74.48,80.9,83.14,86.75,108.83,82.75,93.94,73.47,109.0,75.72,95.04,103.62,80.44,79.87,75.18,83.98,81.62,92.92,84.75,91.08,68.52,69.34
noviembre 1998,82.9,106.27,102.15,102.31,78.94,93.12,145.69,90.74,84.53,68.2,74.91,81.43,83.95,87.98,110.4,83.1,94.87,75.89,109.77,76.31,95.93,104.71,80.01,80.53,75.59,85.46,82.78,94.33,86.13,91.45,68.65,70.21
diciembre 1998,88.05,111.46,106.59,106.95,82.89,98.71,153.14,94.76,87.31,72.78,78.6,85.26,88.39,91.26,116.02,85.76,101.1,79.17,114.77,79.15,96.72,110.14,84.86,83.5,78.57,89.93,88.69,98.43,91.03,95.04,73.11,72.88
enero 1999,93.97,116.2,110.83,110.02,85.44,101.27,162.04,99.72,91.8,78.51,84.9,92.01,92.64,96.92,122.73,91.69,104.67,80.4,120.68,83.11,103.87,117.12,89.03,89.45,82.84,93.51,95.76,103.16,94.47,97.18,76.92,76.69
febrero 1999,93.35,116.04,108.69,108.69,83.97,102.06,161.07,97.77,90.42,74.49,82.33,89.65,91.4,96.82,121.29,89.8,101.81,79.97,121.06,80.73,100.67,115.36,90.01,86.0,80.72,91.75,90.55,104.48,93.67,95.25,76.27,74.85
marzo 1999,96.29,117.67,111.19,110.26,85.62,103.25,164.65,99.74,92.86,76.28,83.87,90.29,92.53,98.03,122.68,91.35,104.25,81.69,123.9,82.28,101.69,117.49,92.84,87.32,81.77,94.04,93.05,107.63,94.73,96.34,76.45,75.09
abril 1999,94.72,117.88,113.34,112.13,88.46,104.27,166.51,102.02,94.77,77.27,86.05,93.46,94.17,99.81,124.29,93.34,109.67,82.68,124.91,83.27,103.16,121.48,93.35,88.86,84.94,96.08,94.39,107.9,97.29,96.01,76.99,76.53
mayo 1999,95.74,119.57,114.31,116.28,88.97,105.58,167.13,103.44,95.86,77.94,86.37,93.35,94.7,100.45,125.08,95.18,108.97,84.51,125.31,84.79,105.85,121.2,94.06,91.0,85.46,96.11,95.02,108.87,97.18,99.21,77.79,77.71
junio 1999,98.34,120.2,113.88,117.3,89.67,107.56,168.33,104.79,97.04,78.18,87.01,96.0,94.92,102.61,126.84,96.63,110.36,88.4,127.25,85.52,105.34,124.12,97.01,92.57,86.72,97.73,96.66,110.92,98.99,102.44,79.06,79.54
julio 1999,96.33,119.84,114.31,117.81,87.77,106.79,166.7,103.86,96.68,78.13,86.69,92.79,94.67,101.14,125.17,96.19,108.24,86.21,126.14,85.51,103.07,121.65,96.78,91.86,85.87,97.3,94.34,108.83,97.11,104.78,77.59,78.07
agosto 1999,96.89,121.55,116.87,119.34,88.03,106.0,167.78,104.58,96.43,78.57,87.1,94.37,95.42,102.22,126.1,100.37,109.4,87.55,127.27,85.18,104.65,121.99,96.59,91.93,85.81,97.38,94.01,108.42,97.89,104.55,77.9,78.91
septiembre 1999,97.24,121.23,115.85,118.87,87.56,106.65,168.08,105.31,97.18,78.6,87.68,94.46,95.9,102.37,126.26,96.86,109.78,88.17,127.88,84.8,106.47,123.08,97.94,91.61,85.82,97.11,93.3,109.09,97.51,104.69,78.78,79.42
octubre 1999,98.63,124.3,118.07,119.73,89.06,109.57,168.42,106.99,97.33,80.0,88.95,95.28,97.13,104.16,127.57,97.97,110.61,90.11,129.58,86.08,110.65,124.51,98.45,93.35,87.52,98.58,95.92,111.34,98.95,106.12,79.69,80.58
noviembre 1999,99.03,125.44,119.07,118.3,89.2,109.52,169.81,107.96,97.69,80.13,89.19,95.83,97.69,105.65,128.27,98.29,110.75,89.94,130.01,85.82,110.29,126.07,98.18,93.82,87.52,99.32,96.02,111.8,99.18,106.04,80.43,81.44
diciembre 1999,100.96,129.93,121.68,118.7,90.96,111.52,173.26,109.94,98.41,82.39,90.96,97.76,101.21,106.13,132.72,100.04,114.22,91.12,133.76,87.38,110.64,129.05,100.88,94.92,89.27,101.51,98.87,114.27,101.34,107.46,81.61,82.09
enero 2000,109.11,135.36,128.17,127.33,97.27,118.17,186.21,116.69,103.19,89.14,99.17,107.64,107.07,113.71,142.02,107.14,121.18,95.59,141.01,93.29,121.89,138.29,105.86,103.66,95.34,106.98,108.77,119.31,108.16,111.66,87.92,88.47
febrero 2000,107.8,135.03,125.84,125.36,93.53,120.09,184.41,115.6,102.69,86.87,96.93,104.04,105.86,115.75,139.58,105.21,117.65,93.99,141.57,90.92,117.17,135.55,106.09,99.68,94.2,105.69,103.23,121.46,106.36,109.54,86.82,85.72
marzo 2000,111.58,135.6,125.97,125.5,96.36,121.09,186.79,116.83,103.55,87.85,98.48,105.1,107.5,116.3,142.03,106.32,120.6,96.09,144.17,93.51,117.9,137.88,106.95,101.26,96.08,108.15,104.35,123.38,108.8,111.46,87.4,86.09
abril 2000,110.36,137.25,127.08,126.45,99.43,122.74,188.94,119.1,105.26,88.83,100.89,104.8,108.43,118.14,143.36,108.43,123.27,96.87,146.63,93.25,118.72,141.51,108.34,103.01,96.41,109.31,104.16,123.75,109.82,110.72,87.2,86.52
mayo 2000,111.66,137.35,131.12,128.53,101.98,123.18,191.79,121.71,108.69,90.44,101.89,108.18,110.5,120.04,146.37,110.59,126.4,101.17,147.9,95.72,122.46,142.17,109.89,105.76,98.01,112.7,106.62,124.82,109.83,113.71,89.45,88.25
junio 2000,114.51,138.79,131.69,128.92,102.77,125.2,191.93,122.97,109.91,90.53,102.27,111.44,110.56,121.97,147.02,112.07,127.24,100.99,149.35,95.94,122.58,143.53,112.27,107.11,99.29,111.44,107.5,127.11,111.31,117.17,89.98,96.9
julio 2000,114.27,138.21,132.3,128.61,103.0,122.92,191.24,122.14,109.86,90.23,101.81,107.63,110.09,123.17,144.5,110.29,127.02,100.93,149.25,95.77,120.35,141.82,109.54,106.49,98.59,111.85,105.17,124.94,112.17,116.25,89.12,88.92
agosto 2000,114.43,139.15,132.08,129.02,101.91,123.26,191.38,122.59,108.98,90.72,102.37,106.71,110.28,123.36,145.04,109.7,127.42,100.19,150.21,95.09,120.63,141.95,109.29,106.44,97.95,110.83,104.48,124.82,111.13,115.44,89.11,88.51
septiembre 2000,115.53,140.13,131.43,128.97,103.2,124.99,192.43,123.09,109.07,91.32,103.24,107.72,110.47,124.08,145.37,111.47,128.65,101.07,150.7,95.84,121.86,142.95,110.61,106.95,98.56,111.14,105.78,125.97,111.5,118.72,89.7,89.59
octubre 2000,117.19,141.35,133.23,130.65,103.81,126.19,193.14,123.96,110.14,92.62,104.13,108.53,111.58,126.13,146.16,111.08,129.25,102.09,152.31,96.97,128.93,144.43,112.68,108.49,100.03,112.72,107.51,127.01,113.32,120.23,91.26,90.73
noviembre 2000,117.73,142.73,134.89,132.21,104.02,127.45,193.82,124.55,109.9,93.07,104.67,108.46,112.91,125.97,146.34,110.94,129.34,101.9,153.06,97.36,128.15,144.93,110.97,108.94,100.7,113.22,107.1,127.74,113.23,120.24,91.26,90.24
diciembre 2000,119.73,147.65,137.93,133.07,107.24,129.77,198.03,127.51,110.74,95.04,106.64,110.67,114.71,128.38,150.4,113.03,133.27,102.41,156.13,99.74,130.01,149.42,113.49,110.09,102.46,116.55,112.26,129.35,118.24,121.74,92.98,91.64
enero 2001,131.79,151.71,145.4,141.49,112.99,134.97,209.69,133.82,118.25,103.39,114.58,120.76,121.35,135.59,159.86,119.75,141.68,105.8,163.51,107.28,140.59,155.29,119.18,118.88,107.78,121.7,120.94,134.74,126.45,127.13,99.69,97.12
febrero 2001,129.16,150.79,141.76,143.51,108.68,136.7,206.46,131.61,118.33,100.57,111.3,115.53,118.71,134.57,156.16,116.4,137.48,104.53,163.23,103.63,133.93,153.56,118.96,113.96,106.11,119.21,115.29,134.78,121.78,124.15,97.86,94.7
marzo 2001,132.58,152.38,142.83,144.36,109.72,137.65,209.89,134.61,119.58,103.08,113.48,116.37,119.88,135.41,158.14,117.27,138.77,106.2,166.41,104.9,135.13,156.19,120.08,115.19,107.65,121.89,116.38,138.24,122.8,124.66,99.55,96.41
abril 2001,133.87,154.27,144.74,146.76,110.93,139.04,213.08,136.18,120.09,103.87,115.27,119.37,121.71,137.65,158.83,118.76,143.49,108.17,168.91,106.45,137.72,159.01,121.75,115.9,109.21,123.63,116.69,140.07,124.64,125.18,100.4,98.17
mayo 2001,132.43,154.03,145.7,147.92,112.58,141.97,211.58,137.11,120.72,105.17,115.48,120.16,121.43,137.55,158.97,120.43,145.69,109.33,168.45,107.7,137.16,159.84,121.73,117.13,109.84,123.39,117.06,139.51,123.94,126.84,100.88,98.1
junio 2001,136.26,156.25,146.66,151.69,113.54,145.72,213.36,141.76,124.48,106.47,117.02,125.66,122.11,140.12,162.15,122.81,147.49,112.99,170.1,109.74,140.69,162.43,125.72,120.42,111.08,126.61,119.6,141.99,126.64,130.98,101.73,99.44
julio 2001,135.23,155.15,147.04,148.24,112.28,140.74,211.07,138.37,122.35,105.89,116.08,118.83,121.73,139.03,158.73,121.26,143.46,111.89,168.83,108.88,137.78,161.05,121.9,119.4,110.11,125.31,118.49,140.13,125.36,132.69,100.47,100.72
agosto 2001,135.38,155.9,146.45,148.98,112.29,140.61,212.33,138.57,122.56,106.33,117.23,121.13,122.39,139.87,159.16,121.96,144.14,111.94,170.39,109.11,135.16,161.82,122.25,120.36,110.06,125.26,117.44,140.39,125.78,132.3,100.75,101.45
septiembre 2001,136.42,156.16,147.4,149.23,112.38,142.11,212.39,140.01,122.21,107.31,118.04,122.03,123.84,140.21,159.62,122.65,144.8,112.58,171.02,108.97,140.71,162.53,125.12,120.85,110.46,125.79,117.25,141.55,126.89,133.16,101.82,102.71
octubre 2001,135.96,157.89,147.86,149.48,112.48,143.41,212.04,140.35,123.36,108.72,118.18,121.55,125.44,140.67,160.22,122.57,145.46,113.18,171.49,110.14,146.76,162.4,126.45,120.85,110.84,126.11,116.54,142.49,129.25,133.67,102.02,103.19
noviembre 2001,136.58,159.04,148.8,148.8,112.58,143.34,211.94,140.17,123.01,108.22,119.21,120.93,124.82,141.36,160.53,123.32,144.61,113.22,171.59,110.32,146.23,163.07,124.83,121.02,111.68,126.26,115.68,142.14,128.41,133.68,102.05,102.92
diciembre 2001,139.55,162.96,151.67,152.61,114.06,146.03,215.43,141.79,123.1,110.32,121.14,123.78,127.62,142.09,164.59,125.19,148.9,113.37,173.8,111.94,146.04,167.88,127.15,121.43,113.85,128.9,118.89,144.17,132.69,135.35,104.04,103.63
enero 2002,148.76,166.46,157.42,164.27,119.85,149.53,226.77,148.62,129.21,116.54,128.0,133.92,134.27,148.96,173.42,132.62,156.07,117.83,181.08,119.74,157.39,172.18,131.53,129.37,120.82,134.29,128.56,149.05,140.95,140.82,109.55,108.83
febrero 2002,147.9,165.99,155.97,162.89,119.45,149.31,225.88,148.22,127.62,115.36,127.99,133.19,133.9,148.49,173.08,132.34,154.88,117.1,181.44,119.35,156.99,172.6,130.84,129.07,119.3,133.47,125.98,148.7,139.72,139.44,109.44,108.27
marzo 2002,146.24,165.55,156.43,159.06,117.21,151.19,225.13,145.11,129.93,113.06,126.04,128.33,132.48,147.67,171.01,129.28,152.57,117.72,181.89,117.15,150.34,172.8,131.25,126.0,119.27,132.38,123.89,149.42,136.42,138.16,107.78,106.51
abril 2002,145.72,164.43,154.5,158.45,116.77,150.19,224.47,144.15,129.51,112.06,125.41,129.52,131.97,147.58,169.98,129.76,154.34,117.5,181.07,117.41,149.08,171.08,131.52,124.75,119.36,131.33,124.73,148.51,134.79,138.63,107.21,106.31
mayo 2002,148.12,166.54,157.48,160.15,119.57,152.26,227.22,147.52,131.93,114.36,127.82,131.5,134.01,150.41,171.69,133.51,158.84,122.75,184.49,120.26,151.97,174.99,133.42,128.71,121.65,133.05,127.24,151.34,137.07,143.84,108.9,107.41
junio 2002,148.54,165.83,157.65,159.31,121.16,152.58,227.01,147.64,133.07,114.16,127.82,131.15,133.75,150.45,171.66,134.23,159.56,122.04,184.5,119.82,151.6,174.87,133.12,128.81,122.05,133.16,127.9,151.41,136.65,144.52,108.65,107.53
julio 2002,150.67,167.22,158.32,161.16,120.54,154.43,226.64,149.22,134.34,114.44,128.23,131.72,133.76,152.07,173.02,134.16,159.38,123.03,184.64,119.63,151.05,173.87,133.81,130.43,122.18,135.08,130.04,151.79,137.91,146.25,109.19,108.69
agosto 2002,150.21,166.72,157.61,161.48,120.36,153.98,226.26,149.0,134.74,114.43,128.16,132.56,133.55,152.1,172.99,134.17,158.76,123.21,184.78,119.77,151.85,174.74,133.09,130.34,121.84,135.07,129.61,151.67,138.44,145.47,108.38,108.23
septiembre 2002,148.72,167.39,158.42,160.93,120.25,151.88,225.87,147.61,134.97,115.01,128.17,131.07,134.29,151.39,172.0,134.82,160.52,123.46,184.06,120.39,150.43,174.08,133.66,129.69,121.53,134.46,129.71,151.53,137.75,148.12,108.75,109.04
octubre 2002,148.25,166.66,157.36,159.83,119.93,151.55,224.76,147.64,135.55,114.66,127.75,130.62,134.51,150.78,171.3,134.23,159.91,123.37,183.51,119.85,149.89,173.23,133.36,129.4,121.14,134.03,128.52,150.87,136.61,148.17,108.55,108.76
noviembre 2002,149.45,169.54,159.3,162.62,120.28,153.73,225.19,149.98,136.71,117.16,129.77,130.81,136.4,152.28,172.7,135.01,160.56,124.46,184.82,121.09,155.63,175.53,132.14,130.37,122.21,134.92,129.44,152.8,139.04,149.15,110.19,110.26
diciembre 2002,150.05,171.18,161.46,163.8,120.96,155.03,226.65,151.1,135.77,118.65,130.74,130.38,138.46,153.11,174.17,135.28,160.24,123.52,185.84,120.48,156.54,178.96,132.78,130.69,122.24,135.67,129.97,153.67,141.92,147.63,110.51,110.47
enero 2003,157.34,176.09,166.34,174.34,129.32,159.21,237.56,156.09,141.62,123.41,138.12,139.82,143.8,158.82,182.33,141.41,169.33,128.42,191.9,127.48,161.65,185.15,136.77,136.61,128.15,141.39,138.11,158.34,149.24,154.23,132.09,115.14
febrero 2003,157.15,175.65,165.87,172.36,126.84,159.26,237.52,156.66,141.46,123.03,139.13,139.7,141.76,158.91,182.23,141.23,168.67,127.99,192.04,126.69,161.84,185.02,136.47,136.42,128.0,141.36,137.59,158.36,148.13,153.64,132.15,114.89
marzo 2003,157.6,174.47,165.36,170.36,126.35,160.32,237.87,157.09,146.38,120.52,138.07,137.34,141.41,158.85,180.65,140.44,165.32,128.62,191.7,126.83,158.77,185.8,138.02,135.01,128.21,140.74,136.28,161.03,146.03,152.54,131.57,113.93
abril 2003,156.65,174.3,165.04,169.91,126.57,160.6,237.69,157.74,145.7,120.95,138.89,137.56,141.96,159.31,180.6,140.42,166.15,128.5,192.23,127.25,158.57,185.33,136.76,135.07,128.73,140.57,136.99,161.05,146.54,154.57,131.44,114.28
mayo 2003,159.82,175.95,167.16,173.2,129.37,162.73,240.75,160.12,145.59,123.22,142.44,140.56,143.28,162.9,181.89,143.65,172.34,132.09,197.01,130.49,161.05,189.09,138.38,136.95,130.32,142.79,141.1,162.12,146.89,160.22,132.91,115.42
junio 2003,159.33,175.02,166.67,172.47,128.96,162.69,240.75,160.26,147.67,123.58,142.16,140.78,143.3,165.83,181.46,143.54,172.4,135.79,196.64,129.86,160.82,188.61,137.39,138.1,129.7,141.65,139.74,162.17,146.47,160.09,133.29,115.07
julio 2003,163.67,176.11,169.03,176.02,129.93,163.26,240.73,162.38,149.16,125.6,143.95,141.81,144.75,167.22,184.8,144.67,173.02,137.77,196.98,130.69,164.96,190.49,140.09,154.24,130.79,144.05,141.88,163.7,151.32,161.6,134.83,117.36
agosto 2003,164.72,175.81,168.87,174.85,129.48,162.41,240.71,162.6,148.35,125.77,144.0,143.19,144.98,167.15,184.54,144.83,172.66,138.12,197.42,130.97,164.95,191.1,140.11,153.99,131.08,143.88,142.57,163.49,150.86,160.73,135.09,117.55
septiembre 2003,163.56,175.78,168.51,176.32,129.23,160.2,239.85,161.56,146.32,126.02,142.8,140.88,143.27,165.72,180.96,145.35,169.98,139.03,196.34,130.14,160.55,189.33,139.31,151.62,130.5,142.17,141.06,162.89,147.08,159.63,133.34,121.64
octubre 2003,162.2,174.91,167.65,178.38,128.49,159.25,238.32,161.36,145.41,125.51,142.36,140.11,142.82,165.13,179.82,145.07,169.52,138.32,195.66,129.87,159.86,187.79,139.47,151.38,130.14,141.48,140.77,161.82,146.46,163.04,132.76,120.61
noviembre 2003,163.16,178.26,171.71,181.79,130.18,161.34,238.64,162.47,145.97,126.51,143.85,140.31,145.69,166.66,181.12,146.04,169.33,140.98,197.16,132.26,164.1,190.44,140.31,153.06,131.34,143.51,142.34,163.84,150.17,162.57,134.14,122.72
diciembre 2003,163.34,180.26,172.03,184.47,130.54,163.01,240.32,163.13,145.04,128.29,144.61,139.24,148.26,167.32,182.55,146.08,170.2,137.59,197.88,147.92,164.99,194.06,140.39,153.09,132.1,144.42,142.99,164.32,152.64,161.19,135.27,122.55
enero 2004,170.95,185.41,177.73,194.55,134.82,166.93,251.27,169.94,151.27,134.5,151.54,148.71,153.92,173.81,191.28,155.94,178.77,144.36,205.5,151.21,170.31,198.41,144.8,159.07,138.72,149.42,150.7,168.79,159.48,166.4,140.39,129.37
febrero 2004,170.66,184.98,177.51,193.91,134.88,167.64,250.97,169.93,151.25,134.18,151.06,148.74,153.09,173.66,191.03,155.23,178.6,143.63,205.73,151.34,169.96,198.25,144.13,158.56,138.59,148.44,149.78,168.36,159.65,166.17,140.64,129.18
marzo 2004,169.71,183.27,174.0,189.96,132.28,168.2,248.46,168.55,151.39,131.73,149.51,146.15,151.21,173.79,188.9,152.97,175.23,143.84,204.02,150.56,165.35,198.68,146.42,156.07,138.04,148.22,148.74,170.11,155.12,164.46,139.88,128.55
abril 2004,169.77,182.48,173.87,188.74,132.37,168.16,248.72,168.46,152.86,131.28,149.75,146.84,150.05,174.44,188.68,153.23,175.21,143.88,204.53,150.75,165.48,198.46,146.88,156.19,138.5,147.85,150.2,170.0,154.73,166.2,139.91,129.66
mayo 2004,171.27,183.94,178.85,194.22,136.68,170.95,252.59,171.63,154.89,134.04,153.5,149.98,152.55,177.37,191.37,157.54,179.03,152.75,208.81,153.68,169.96,201.61,150.14,158.5,141.28,150.59,154.09,172.39,156.28,172.97,142.84,132.71
junio 2004,171.24,182.79,178.4,195.05,135.73,171.2,252.34,171.44,155.84,133.1,152.9,149.55,153.71,177.69,190.73,157.29,180.8,153.8,208.43,157.84,169.73,201.36,149.1,160.74,141.05,149.87,153.76,171.99,156.05,172.79,142.63,133.55
julio 2004,173.35,186.01,180.64,198.54,137.17,172.04,254.66,172.89,157.35,134.89,153.59,150.23,155.84,178.93,192.74,157.61,181.8,153.61,209.0,157.94,170.44,202.88,151.73,161.35,140.9,152.36,155.36,173.13,156.92,173.89,144.58,137.83
agosto 2004,173.26,185.39,179.9,197.83,137.08,171.3,253.97,172.65,157.32,134.06,153.63,151.51,156.49,178.99,192.73,157.66,181.21,153.55,208.72,157.72,170.5,202.58,151.96,160.7,140.8,152.35,154.64,171.75,156.35,173.33,144.37,139.5
septiembre 2004,171.7,185.18,179.23,196.73,136.13,169.05,250.73,172.34,156.26,135.15,152.37,149.79,155.43,178.15,189.91,157.18,180.29,152.82,207.82,156.73,169.25,201.69,151.69,161.1,140.26,150.52,155.48,171.85,154.46,172.34,143.09,140.25
octubre 2004,171.19,185.25,178.25,196.11,136.11,169.37,249.79,171.94,156.45,134.71,151.96,148.78,152.9,177.75,188.63,156.46,179.14,152.14,207.43,156.95,170.2,201.27,150.91,160.67,140.09,149.91,154.54,171.22,154.28,172.42,142.54,140.39
noviembre 2004,170.29,187.65,179.16,196.75,136.4,170.72,249.87,173.49,155.99,135.07,154.1,149.77,154.46,178.74,189.76,155.64,178.87,154.08,208.64,156.53,175.64,202.23,150.65,159.37,140.88,150.86,154.56,172.96,156.06,173.75,143.66,141.45
diciembre 2004,170.22,190.15,180.25,197.38,136.37,172.31,251.75,174.2,154.96,136.69,154.55,148.89,155.58,179.23,191.34,156.02,180.35,150.33,210.16,156.69,176.47,205.31,150.62,159.75,141.27,152.29,155.62,174.09,158.12,171.51,144.47,141.65
enero 2005,179.64,195.86,185.59,203.61,142.52,175.27,264.4,178.91,161.29,143.68,162.05,160.88,162.41,185.03,201.24,164.68,190.32,154.19,217.61,160.32,182.92,211.62,155.51,171.16,147.04,156.88,164.17,179.52,165.28,176.88,150.69,146.28
febrero 2005,178.57,195.26,185.16,203.45,141.55,175.2,263.47,178.47,161.0,142.73,161.9,160.35,161.65,184.71,200.71,163.84,190.0,152.92,217.5,160.25,182.63,212.16,154.43,170.79,146.56,155.88,162.1,179.19,164.59,176.52,150.89,147.36
marzo 2005,177.25,193.89,186.71,198.73,141.73,177.79,262.5,178.05,162.94,139.85,159.89,157.03,160.63,186.37,199.21,161.23,187.27,155.37,217.78,159.16,179.01,214.17,157.53,169.58,147.49,157.4,162.32,181.78,164.33,177.04,150.58,146.63
abril 2005,176.96,193.59,185.94,197.89,141.48,177.37,261.82,177.99,162.23,138.67,159.76,159.0,160.0,186.71,198.58,162.34,188.39,155.42,217.7,158.43,178.94,213.58,156.82,169.92,148.49,157.03,162.65,181.82,163.28,177.64,150.48,147.58
mayo 2005,177.13,195.8,188.58,202.64,144.05,179.09,265.13,181.86,166.03,140.59,162.49,161.65,162.56,187.79,199.93,167.26,192.95,158.49,220.36,163.18,183.47,215.86,159.98,173.22,150.07,160.75,164.15,183.37,164.18,182.54,152.6,150.95
junio 2005,176.29,195.07,187.76,202.58,143.89,178.72,264.5,181.74,168.13,139.59,161.76,160.79,162.31,188.32,199.24,166.73,194.55,160.73,219.96,164.4,183.6,215.3,159.59,174.3,149.94,160.37,163.66,183.25,163.44,183.51,152.94,152.08
julio 2005,180.8,197.2,190.68,205.67,145.48,181.07,265.31,182.82,170.57,143.31,162.35,163.04,163.12,190.39,200.13,170.47,194.47,165.19,221.81,165.91,187.56,216.53,164.06,175.85,151.97,163.81,167.74,184.96,166.24,184.51,155.95,153.87
agosto 2005,180.77,196.64,189.21,207.07,150.78,179.12,263.0,182.17,169.85,143.12,162.46,164.18,164.11,190.66,199.47,170.3,193.66,165.3,221.12,165.77,187.94,215.68,163.03,175.0,150.87,163.1,167.74,182.61,165.95,184.1,156.08,153.02
septiembre 2005,178.19,196.73,189.09,204.02,148.36,177.09,261.23,181.05,167.68,142.47,162.12,161.66,163.59,189.35,197.46,167.5,190.74,163.23,219.2,163.93,182.5,215.12,163.19,176.96,148.27,160.76,166.07,183.29,163.74,183.04,155.06,153.57
octubre 2005,178.08,195.98,187.53,203.01,148.71,176.14,260.59,180.8,166.57,141.65,161.53,161.4,162.55,188.47,196.06,166.33,189.41,161.95,218.11,162.33,182.04,214.47,162.47,176.24,147.38,159.39,165.37,182.04,162.75,182.66,154.87,153.31
noviembre 2005,179.61,199.38,188.84,204.69,150.28,179.29,262.82,183.96,167.22,142.52,163.36,161.6,164.08,189.45,197.15,167.25,189.56,164.11,219.33,162.33,186.92,215.63,163.01,176.83,148.56,163.49,166.96,183.77,162.81,184.34,154.85,154.94
diciembre 2005,180.49,202.58,189.45,206.63,151.21,181.07,264.61,185.39,165.12,144.49,164.39,160.75,164.58,189.86,198.53,166.82,189.76,161.58,221.04,161.25,188.3,218.29,164.26,177.5,148.37,164.79,168.06,184.99,164.61,184.39,154.87,155.74
enero 2006,191.36,207.43,196.0,218.27,158.1,184.61,278.29,190.09,170.8,152.28,171.49,171.31,172.58,195.72,207.43,174.92,200.69,166.76,228.96,169.5,193.99,224.84,171.25,185.64,153.53,167.95,176.94,188.54,172.18,200.86,160.28,160.34
febrero 2006,191.23,206.65,195.41,215.05,161.29,184.41,277.7,189.74,170.79,151.89,171.23,170.74,172.61,195.52,207.1,174.13,201.09,166.18,228.65,169.4,193.64,224.72,169.58,185.12,152.79,167.57,175.15,188.82,172.24,199.68,160.6,159.86
marzo 2006,187.01,204.7,194.22,212.85,159.59,185.69,276.22,188.14,171.45,148.16,169.72,167.73,170.19,195.59,205.35,172.05,196.04,167.53,229.27,167.11,188.15,224.54,169.39,183.07,154.0,168.4,174.19,191.18,169.84,187.42,159.45,158.95
abril 2006,186.56,204.51,190.93,213.61,159.32,186.22,276.51,187.84,172.72,147.64,169.73,168.13,170.59,196.97,205.01,172.71,196.13,167.01,229.82,167.51,188.47,224.97,168.95,183.81,155.16,168.12,174.55,191.25,169.02,188.47,159.62,159.14
mayo 2006,187.51,207.4,192.59,217.2,162.56,187.44,278.74,189.95,173.47,148.46,174.09,171.66,172.87,198.76,208.72,173.89,206.34,170.47,231.19,170.35,190.56,227.95,171.11,186.62,157.05,171.22,176.0,192.77,171.8,192.46,161.61,158.85
junio 2006,186.39,206.8,193.16,217.08,161.07,187.34,277.24,189.07,174.24,147.63,173.07,170.83,172.92,198.45,207.47,173.07,207.7,171.04,230.49,169.81,190.02,227.11,171.28,186.89,157.22,171.22,175.17,192.01,171.39,193.39,161.18,158.5
julio 2006,191.29,210.08,196.85,222.64,162.46,190.4,277.42,191.83,178.49,150.68,172.68,172.99,174.82,200.39,208.21,174.22,201.92,173.84,232.35,171.3,194.85,227.43,174.13,188.14,159.6,173.43,178.63,193.4,177.03,200.16,162.92,184.77
agosto 2006,190.99,209.74,197.82,220.41,163.27,189.28,276.72,191.55,176.97,150.31,172.53,173.31,173.99,200.12,207.5,173.99,201.36,172.02,232.04,171.7,195.15,227.24,173.69,188.06,159.23,172.9,177.18,191.98,175.99,198.67,162.6,185.99
septiembre 2006,188.03,210.47,199.07,219.04,163.97,187.94,276.04,189.58,175.22,150.11,171.19,170.0,174.86,198.47,205.2,173.7,200.2,170.91,231.26,171.28,190.28,227.25,172.27,187.32,157.55,171.56,175.2,192.0,171.86,192.93,161.24,162.14
octubre 2006,186.51,208.08,196.8,220.02,163.73,187.23,274.47,189.13,175.32,149.36,170.31,168.73,173.69,197.75,204.3,173.01,199.0,168.98,230.1,169.96,188.91,226.02,171.94,188.49,156.56,170.35,173.01,190.85,170.93,191.79,161.06,162.04
noviembre 2006,188.47,211.66,199.22,222.3,164.32,189.16,274.92,190.23,174.24,150.61,172.04,168.73,175.26,199.18,205.55,176.06,199.4,168.53,231.91,170.13,193.74,227.78,171.78,189.39,157.13,172.21,175.46,192.67,173.21,198.04,162.46,164.19
diciembre 2006,189.28,214.72,199.95,222.6,165.83,191.46,276.82,191.55,173.03,152.92,173.29,168.25,175.56,199.98,207.39,176.22,199.95,166.08,233.35,169.6,195.22,231.26,171.58,190.59,157.52,173.28,175.41,193.84,177.16,196.89,163.29,164.76
enero 2007,199.63,221.26,208.08,233.41,173.74,195.41,291.94,199.05,179.71,160.76,180.59,180.83,184.44,206.01,217.36,181.32,210.69,171.23,241.08,177.95,200.26,237.28,176.97,198.41,163.55,177.7,187.26,197.11,182.65,210.88,169.24,169.12
febrero 2007,199.09,220.85,207.13,232.23,172.93,195.76,290.72,198.38,179.7,159.99,180.58,179.34,184.53,206.08,216.94,179.9,209.62,169.86,240.82,177.91,200.38,237.04,176.22,197.63,162.93,176.99,186.04,196.64,182.52,209.77,169.64,168.66
marzo 2007,194.27,219.14,205.82,229.47,169.14,197.47,289.89,195.63,179.96,157.46,177.38,176.66,181.82,205.26,215.35,179.28,206.34,169.49,240.73,175.0,196.86,237.44,178.49,195.69,163.37,176.96,184.29,199.96,180.17,198.6,168.8,168.06
abril 2007,194.15,218.85,205.53,229.51,169.01,197.13,289.58,195.7,180.63,156.88,177.29,178.6,180.8,206.05,216.21,179.83,206.63,168.69,241.21,173.64,196.47,237.0,178.59,195.49,163.64,176.4,183.4,199.89,179.33,197.97,168.62,168.09
mayo 2007,195.8,221.69,207.65,231.32,172.78,198.2,291.6,198.68,182.32,158.33,181.71,182.05,182.33,208.17,218.73,180.85,216.32,171.67,244.38,176.58,199.78,239.89,180.49,194.86,165.84,179.01,186.38,200.27,182.43,202.42,169.33,168.9
junio 2007,195.5,221.41,207.49,230.79,170.35,198.25,290.26,198.5,183.29,157.64,181.19,181.37,181.87,208.54,217.72,180.76,217.77,172.37,244.31,177.15,199.18,238.57,179.91,196.77,166.25,179.38,185.3,199.87,182.86,203.61,168.93,168.31
julio 2007,199.03,222.63,210.68,235.92,173.52,200.55,289.92,201.13,186.96,159.62,180.89,182.69,185.37,211.34,219.92,183.49,211.7,174.24,245.67,177.94,204.07,239.12,183.07,199.47,168.84,182.95,187.77,200.78,184.72,206.73,170.64,170.59
agosto 2007,199.04,221.77,209.98,233.32,172.15,199.52,289.55,200.72,185.36,159.24,180.51,183.52,184.26,211.08,219.36,183.54,210.96,173.62,245.47,177.66,204.23,238.93,182.93,199.32,168.28,181.98,187.0,199.98,183.41,204.93,170.33,169.46
septiembre 2007,195.67,221.51,208.29,231.35,171.66,197.24,288.61,198.66,183.41,159.47,178.87,181.03,183.99,208.84,217.47,181.46,208.58,173.75,244.26,176.91,199.4,238.74,181.49,197.93,166.36,179.89,185.92,199.68,180.47,200.96,168.79,170.13
octubre 2007,194.17,220.99,205.92,229.85,171.69,196.94,287.62,197.93,182.86,158.93,178.21,180.05,182.15,207.98,216.1,180.84,207.9,172.13,243.46,176.38,198.55,238.04,180.06,196.96,164.94,178.43,184.98,198.55,179.59,200.15,168.07,170.27
noviembre 2007,195.8,224.35,208.82,230.18,175.38,199.5,289.5,199.75,181.96,159.39,178.74,179.09,185.85,209.8,216.11,180.99,208.35,172.72,244.8,175.46,203.07,240.01,180.08,197.71,164.02,181.19,187.22,201.53,181.87,205.86,168.47,171.7
diciembre 2007,197.01,226.8,211.13,231.44,175.32,202.08,289.83,201.18,180.64,161.92,179.49,177.88,185.66,210.33,217.96,181.34,208.78,171.2,246.24,176.49,203.85,243.42,179.61,197.83,162.31,182.4,187.01,202.24,186.71,205.13,169.87,172.48
enero 2008,206.8,232.22,217.7,245.51,182.01,205.13,304.12,207.73,188.14,169.16,187.98,190.4,192.78,216.76,229.12,189.34,217.29,177.93,254.47,183.94,210.77,250.66,185.39,204.85,168.72,186.66,199.96,206.48,194.98,222.32,177.14,176.4
febrero 2008,204.2,231.74,216.66,243.04,181.34,205.53,303.37,207.94,188.07,168.72,187.55,189.44,192.74,216.75,229.36,189.24,217.49,176.19,254.28,183.15,209.94,250.56,183.26,204.82,168.6,186.47,198.96,206.46,194.67,221.32,177.45,175.93
marzo 2008,201.07,231.87,218.45,241.91,182.11,208.35,303.86,207.28,190.59,167.06,186.31,189.13,191.82,218.52,228.39,188.2,215.88,179.1,256.16,182.69,205.44,252.09,187.38,203.89,169.57,187.04,197.21,210.38,194.72,208.94,177.93,176.65
abril 2008,199.43,230.98,216.34,242.74,182.08,208.23,303.33,206.95,190.14,166.17,186.43,189.34,191.0,218.03,227.69,187.62,215.87,178.2,255.51,183.63,204.58,251.59,186.41,203.99,170.28,185.98,195.09,209.68,191.86,208.68,178.41,175.94
mayo 2008,202.12,232.86,218.74,245.08,181.82,210.6,305.27,211.03,193.52,168.04,189.96,191.38,193.16,220.71,230.67,189.85,223.61,180.35,259.23,185.39,207.33,254.66,187.76,204.87,173.91,189.62,198.15,211.69,195.64,214.32,179.19,178.86
junio 2008,201.95,231.69,219.67,245.51,180.31,210.32,304.61,211.24,193.78,168.56,189.12,191.91,192.56,220.8,230.24,191.41,225.87,180.2,257.75,185.85,206.92,253.79,186.13,206.26,173.94,190.16,197.06,211.15,193.52,215.2,178.85,178.86
julio 2008,205.37,233.31,222.67,248.71,182.62,213.73,306.5,212.54,198.5,170.78,191.15,196.44,194.51,222.55,231.04,197.51,220.72,183.22,259.41,186.32,209.48,255.15,189.79,208.66,176.8,194.49,199.99,212.42,195.63,231.23,181.93,179.39
agosto 2008,205.39,233.76,222.65,247.94,180.1,213.62,305.67,212.23,199.71,170.78,190.73,197.57,195.88,222.33,230.63,198.72,220.49,182.35,259.14,186.76,210.11,254.9,190.07,209.31,177.42,194.29,199.19,211.13,191.63,229.28,181.56,179.55
septiembre 2008,201.94,230.46,221.2,251.02,179.56,211.19,304.66,212.28,196.02,170.02,187.29,193.46,194.42,220.83,228.85,195.3,218.32,182.28,258.03,184.96,206.36,253.35,188.34,207.9,175.29,191.21,199.1,211.64,190.23,219.34,178.74,179.78
octubre 2008,201.49,230.94,216.04,248.94,181.8,211.9,303.33,212.23,195.33,169.57,187.04,194.02,193.6,220.56,228.51,194.04,219.22,180.03,258.02,184.74,206.32,253.12,187.0,207.58,173.65,190.04,198.91,211.59,190.04,219.03,178.53,179.47
noviembre 2008,206.3,236.16,218.19,253.38,183.34,215.34,303.02,213.2,194.92,171.94,187.88,194.67,194.85,222.67,228.83,194.5,217.31,181.83,258.33,185.38,212.4,254.93,186.22,209.55,171.66,192.19,200.15,213.08,191.42,222.89,179.14,181.0
diciembre 2008,206.96,238.3,219.86,255.07,193.2,217.68,304.22,215.6,194.94,173.19,189.08,194.04,196.01,223.1,230.48,193.91,217.99,179.7,260.52,185.51,213.65,257.98,184.89,210.15,171.52,193.11,201.29,214.02,193.18,222.84,180.48,181.46
enero 2009,216.75,245.3,228.15,269.77,190.12,221.85,318.78,222.71,200.52,181.87,198.06,205.69,204.68,228.31,242.35,202.42,228.91,185.55,270.01,193.44,219.17,268.4,191.25,218.41,177.39,199.41,212.45,216.73,202.76,238.71,189.42,185.93
febrero 2009,216.83,245.49,227.63,268.83,191.0,223.31,319.03,223.25,200.85,181.61,198.53,205.17,203.93,229.01,242.8,202.16,229.1,183.94,270.98,192.93,219.26,268.96,190.17,218.03,176.33,198.81,212.66,219.47,202.51,239.77,190.66,187.08
marzo 2009,210.83,242.05,224.68,265.51,188.0,222.9,316.53,217.11,200.66,177.8,194.48,201.36,200.0,227.83,238.62,198.38,224.62,184.65,268.03,191.1,212.69,265.86,191.4,214.79,175.11,194.83,210.96,219.66,199.53,225.06,188.25,186.27
abril 2009,209.07,241.01,224.36,264.42,188.11,222.6,316.48,216.78,201.37,176.65,194.93,200.43,200.04,228.4,238.18,199.47,225.2,185.02,268.01,192.06,211.11,265.61,191.2,214.79,178.25,195.22,209.33,219.04,200.74,227.22,187.9,187.16
mayo 2009,212.33,242.09,226.55,265.58,191.17,224.19,319.56,219.68,204.24,177.06,199.71,205.24,203.51,230.83,239.75,203.38,235.5,188.76,269.07,195.92,216.49,268.98,195.25,220.32,181.54,199.07,212.1,221.71,203.85,231.52,190.5,188.17
junio 2009,211.85,243.76,225.58,264.8,191.73,223.48,318.86,219.11,204.88,176.87,198.63,204.61,203.25,230.43,238.87,203.64,234.59,186.82,267.93,195.48,214.81,268.26,193.18,219.91,182.12,200.17,212.41,221.95,203.44,231.62,190.39,188.01
julio 2009,214.64,242.91,225.58,268.44,192.56,224.92,317.8,223.43,210.03,179.74,197.53,205.18,203.04,231.31,240.63,207.15,230.89,187.7,272.14,196.45,217.08,268.81,194.15,220.59,182.78,202.26,213.48,222.71,206.93,240.98,191.49,189.27
agosto 2009,214.36,242.26,225.28,267.85,191.51,223.53,316.8,221.95,208.92,179.26,197.52,205.42,201.42,231.22,239.12,208.52,229.74,187.85,270.85,196.23,218.75,267.35,194.9,220.27,182.14,200.53,213.71,220.74,205.94,240.44,190.45,189.97
septiembre 2009,214.73,240.29,225.72,264.7,194.08,220.68,316.38,219.44,203.58,177.37,195.35,204.09,200.62,230.91,237.62,203.51,229.32,187.7,267.02,195.84,216.68,265.53,193.97,219.36,179.44,197.24,211.9,221.53,199.38,233.28,189.34,189.96
octubre 2009,213.47,240.04,224.66,264.58,195.2,220.22,310.59,219.19,203.88,175.47,194.73,203.23,200.64,229.46,236.49,203.87,228.24,185.65,266.63,195.23,216.84,264.74,192.79,219.4,178.39,196.19,210.81,220.6,199.46,232.41,189.79,191.54
noviembre 2009,211.41,242.99,223.8,266.28,196.36,221.77,309.07,220.36,210.88,176.62,195.41,200.89,199.08,231.17,235.98,205.67,228.01,185.29,267.26,194.47,219.92,265.3,192.01,218.9,177.09,198.43,209.84,222.4,199.3,238.67,189.19,193.34
diciembre 2009,211.67,244.78,227.02,268.06,197.32,221.67,310.69,221.82,201.97,177.46,195.84,199.35,200.27,230.85,237.28,205.31,227.44,184.78,268.32,194.34,220.76,267.03,190.02,218.81,175.98,198.58,211.79,223.68,201.56,237.36,189.7,193.89
enero 2010,223.36,251.62,234.68,279.21,203.46,226.74,327.25,230.41,208.88,187.48,206.01,213.18,211.28,238.71,249.44,214.47,238.78,192.42,277.59,204.72,229.17,276.27,197.01,225.05,179.83,204.32,222.6,229.2,211.49,258.92,200.74,199.52
febrero 2010,223.97,249.96,234.31,276.46,202.91,225.9,326.62,230.25,210.42,187.56,205.25,212.1,210.33,238.84,248.67,214.13,238.75,191.12,276.65,204.3,228.82,275.08,195.83,224.67,180.1,203.76,222.18,228.56,210.54,257.61,200.25,199.5
marzo 2010,217.74,247.9,232.5,277.39,202.1,226.84,324.0,226.08,208.35,182.63,201.63,206.92,205.04,236.65,245.04,209.38,234.09,189.78,274.87,199.13,223.95,273.0,197.21,221.49,178.33,201.43,219.69,228.72,205.97,239.45,198.27,198.1
abril 2010,217.58,246.87,232.69,280.97,201.35,225.4,323.31,225.45,208.56,182.11,201.05,207.98,204.61,236.56,243.96,209.38,234.92,190.5,274.03,200.3,223.66,272.58,198.06,222.33,180.77,201.24,219.2,228.61,205.17,240.97,197.7,197.7
mayo 2010,220.81,250.12,234.55,288.51,206.41,227.52,326.79,228.97,213.53,186.27,206.77,212.19,208.81,240.85,247.22,211.66,246.7,193.34,277.71,204.19,228.83,277.24,199.33,228.62,187.31,205.65,223.61,231.34,208.53,246.65,201.45,202.27
junio 2010,220.39,249.49,234.19,287.05,208.48,227.22,325.95,227.43,212.04,185.87,204.99,211.93,207.71,240.03,245.83,211.85,246.7,193.88,277.74,204.86,227.11,275.31,198.77,227.2,187.8,206.09,218.96,229.27,206.82,245.61,200.69,202.96
julio 2010,224.08,250.39,236.68,287.8,209.36,229.66,326.71,230.97,217.83,188.41,205.34,218.19,210.24,249.17,248.87,217.2,242.5,196.4,277.53,205.04,233.41,276.36,202.74,228.55,190.63,210.34,223.39,229.96,210.68,260.95,201.81,204.51
agosto 2010,223.66,250.12,235.94,286.79,207.62,228.9,325.92,229.98,217.11,187.79,205.22,218.72,208.65,254.69,247.74,217.48,241.68,196.96,276.58,205.47,233.34,275.59,203.5,228.24,189.85,210.34,221.32,228.68,208.4,259.03,201.5,204.0
septiembre 2010,223.07,246.72,231.75,286.65,206.21,225.8,323.85,227.51,211.62,185.37,202.47,209.76,207.72,251.8,244.59,212.82,238.94,194.43,275.3,204.55,229.41,274.82,200.71,226.73,185.82,205.17,219.29,228.33,204.11,247.98,198.95,201.1
octubre 2010,221.7,247.65,231.2,285.27,209.26,227.12,323.17,226.86,209.91,183.29,201.99,207.59,208.1,248.59,243.93,212.28,238.39,194.42,275.19,204.34,230.0,274.04,200.33,226.02,184.89,204.26,217.69,228.32,203.17,247.48,199.82,201.7
noviembre 2010,221.79,248.63,230.82,286.58,220.4,227.44,322.79,227.88,209.82,185.51,201.8,209.84,208.25,248.77,243.57,211.91,237.52,194.55,275.63,206.47,233.53,273.48,198.35,226.54,184.46,205.53,214.24,228.79,204.59,248.87,199.83,203.0
diciembre 2010,221.11,252.67,235.19,287.95,209.39,228.82,324.25,229.51,209.11,186.81,202.28,208.91,210.08,248.67,245.42,212.22,238.28,193.45,277.58,205.1,233.47,276.07,196.46,226.47,184.93,205.83,215.81,230.21,207.96,248.15,200.09,203.41
enero 2011,234.3,258.25,243.68,300.49,217.34,234.96,341.48,239.97,217.42,198.94,212.67,224.87,220.89,256.77,260.92,223.35,250.88,203.6,287.54,217.21,244.54,285.84,205.95,234.2,190.14,211.96,227.94,237.52,219.97,270.5,215.43,212.07
febrero 2011,233.73,256.22,240.64,298.28,215.77,233.24,340.05,238.0,220.93,195.89,212.58,220.3,220.71,255.95,258.56,221.94,250.64,200.49,286.0,215.05,242.55,284.3,203.62,234.38,188.88,214.09,227.52,237.51,217.76,267.03,213.46,211.14
marzo 2011,230.41,254.39,240.69,297.65,216.14,235.43,339.52,233.83,217.95,191.65,208.62,218.57,219.14,260.54,255.08,220.6,247.0,200.31,287.69,209.85,236.63,283.34,205.05,233.23,190.83,213.23,224.02,237.55,212.64,251.13,212.94,209.03
abril 2011,230.99,255.28,239.67,298.87,216.72,235.67,339.88,233.93,218.35,192.31,209.27,216.4,219.65,260.97,255.12,220.6,248.06,200.66,287.66,210.52,237.17,283.89,204.35,234.88,191.51,211.94,224.04,238.52,211.39,253.08,213.1,210.13
mayo 2011,232.75,255.64,242.7,305.95,220.97,236.45,341.84,240.2,222.24,195.88,214.02,222.07,221.61,256.98,258.22,219.88,255.95,203.09,289.19,215.59,239.11,288.62,207.15,238.95,193.39,214.27,224.89,240.78,215.3,256.82,215.39,211.59
junio 2011,232.43,254.22,242.36,303.73,219.52,236.17,340.94,239.12,221.76,195.09,212.58,222.27,220.07,257.37,257.18,218.6,255.4,203.36,287.56,214.46,236.75,286.56,205.31,238.61,195.58,214.57,222.99,239.98,211.91,255.45,214.44,211.61
julio 2011,237.05,254.54,245.21,303.42,222.27,237.16,343.12,239.86,228.53,198.22,213.02,231.02,223.94,261.54,259.56,225.46,252.59,204.86,290.08,215.48,240.02,286.79,208.96,239.98,197.97,218.21,226.6,239.84,217.29,268.35,215.39,223.75
agosto 2011,235.41,254.03,244.55,301.46,219.86,235.87,342.15,239.55,228.19,197.18,212.9,230.34,222.47,260.73,258.35,222.79,252.44,205.7,288.66,215.8,240.32,286.31,209.56,238.75,197.23,217.51,224.78,238.76,216.98,266.32,214.8,223.13
septiembre 2011,231.69,253.42,242.27,299.93,218.58,234.36,340.03,238.74,222.86,194.23,209.53,219.98,218.67,265.06,252.78,221.24,250.52,203.26,285.58,212.62,237.68,284.32,206.07,236.18,194.04,214.26,224.74,237.42,212.61,259.49,212.2,213.33
octubre 2011,231.15,253.45,239.36,299.22,219.79,234.05,338.54,237.76,222.52,192.93,208.76,219.23,218.22,263.8,251.91,221.56,249.23,203.5,285.29,211.2,236.73,283.34,205.1,237.13,191.14,213.92,223.05,237.27,213.15,257.59,212.26,213.39
noviembre 2011,234.45,255.65,241.13,304.93,221.95,235.19,339.01,239.17,220.12,194.06,209.59,221.22,220.45,264.72,252.17,220.6,249.55,204.58,288.06,210.98,242.41,286.2,204.14,237.98,192.49,215.81,223.9,238.7,214.7,259.33,214.07,214.92
diciembre 2011,235.77,256.86,244.79,304.78,221.23,235.96,341.27,240.54,219.53,194.93,210.35,218.73,221.58,265.43,253.06,219.85,249.66,203.99,289.34,210.04,242.01,288.59,202.75,237.82,190.92,216.61,223.69,239.7,217.66,256.79,213.13,217.63
enero 2012,246.1,263.35,253.86,314.7,231.24,240.59,357.55,249.79,227.07,204.57,219.57,235.13,232.15,269.66,266.2,231.05,259.86,211.92,297.67,224.37,252.27,296.26,210.33,247.43,195.55,222.27,236.45,245.44,227.57,281.55,228.14,224.46
febrero 2012,247.41,263.73,253.21,314.22,229.89,240.74,357.99,249.55,226.22,203.91,219.61,234.1,231.8,268.95,265.62,231.14,260.19,210.97,297.61,223.85,250.93,295.61,208.82,246.72,194.42,220.4,234.3,245.52,227.24,279.42,229.31,222.8
marzo 2012,240.6,259.03,251.67,309.46,230.16,244.1,356.49,246.52,227.43,202.37,217.24,230.55,227.71,271.12,261.08,229.66,257.08,210.09,298.71,219.58,244.54,295.91,210.45,245.93,195.45,218.95,231.74,248.04,219.62,258.34,227.36,223.72
abril 2012,240.43,261.29,250.95,307.95,232.27,243.16,355.98,246.61,228.14,201.12,217.54,230.59,228.18,271.43,260.85,230.41,256.86,210.86,298.79,220.09,244.36,295.9,210.75,247.34,196.81,219.9,231.12,248.26,219.23,260.01,227.83,224.67
mayo 2012,241.77,263.57,253.28,313.82,232.76,243.17,358.1,251.21,229.51,203.95,222.87,234.94,229.16,269.19,264.86,231.96,265.98,213.79,301.18,223.02,248.54,301.22,211.9,251.95,202.64,225.12,232.98,250.91,224.62,265.33,232.02,228.17
junio 2012,241.23,261.6,252.16,313.43,232.27,242.57,355.73,250.18,231.16,202.79,221.64,233.76,228.5,269.02,263.74,231.35,267.54,214.64,299.31,223.32,246.16,299.18,210.12,251.65,202.83,225.64,232.2,249.96,224.54,265.79,230.22,228.47
julio 2012,243.9,264.03,255.44,318.62,234.26,245.25,356.49,253.22,239.63,209.04,223.87,240.8,232.5,272.87,267.61,237.39,264.81,216.36,302.73,224.47,252.45,300.99,215.04,254.47,206.51,232.09,236.49,250.88,226.23,280.21,229.21,240.73
agosto 2012,243.5,263.4,253.7,317.17,232.1,244.2,355.9,252.97,238.96,207.92,223.5,242.06,231.83,276.3,266.16,238.67,264.02,215.99,301.67,224.22,252.05,300.28,214.71,253.54,204.07,230.31,236.35,249.84,224.79,278.54,229.26,240.52
septiembre 2012,239.58,260.43,249.61,317.71,230.54,243.32,353.22,251.56,232.17,204.7,220.42,232.92,230.28,271.3,261.11,235.55,263.38,214.56,297.49,223.64,246.34,297.77,212.13,250.09,199.81,226.63,235.79,248.41,220.95,268.96,227.7,229.81
octubre 2012,240.3,261.28,248.44,316.53,230.74,243.81,352.17,251.38,231.12,202.91,218.99,232.41,230.66,273.5,259.62,235.09,262.03,212.82,297.53,223.34,245.98,296.56,210.73,248.2,197.44,225.29,235.54,247.87,221.08,268.81,227.57,229.56
noviembre 2012,240.51,260.59,247.66,322.65,231.41,243.78,351.84,252.1,229.03,204.97,218.08,228.33,231.34,274.2,260.98,232.26,259.76,211.97,299.18,223.21,250.2,297.25,208.57,247.28,199.39,226.43,236.96,248.75,220.98,272.81,228.41,230.15
diciembre 2012,240.71,263.94,252.66,322.3,231.62,244.79,353.21,253.8,229.43,205.67,219.01,225.82,232.3,270.91,263.03,233.32,262.12,212.26,300.54,222.81,251.16,299.36,206.98,248.81,198.61,227.4,238.26,250.46,223.6,270.53,229.48,231.6
enero 2013,254.62,273.33,264.14,338.26,240.51,250.06,370.93,263.95,237.86,215.32,228.84,245.2,241.35,280.36,277.75,239.69,275.57,221.32,308.99,234.6,257.69,308.64,217.31,257.65,206.08,235.35,252.07,257.06,237.7,295.29,237.16,238.79
febrero 2013,254.89,270.97,261.72,338.84,239.48,249.6,370.01,264.35,238.08,215.62,229.02,243.92,241.77,280.26,277.88,240.32,274.97,219.61,308.34,234.09,257.66,309.09,215.87,257.45,205.05,234.16,250.51,256.87,236.78,294.6,243.51,238.77
marzo 2013,248.47,266.51,258.58,335.2,239.31,252.41,368.57,260.31,235.9,213.75,225.93,237.65,240.24,281.64,272.16,242.23,270.75,218.65,309.55,228.71,253.29,309.13,217.55,256.11,203.52,232.5,247.35,259.11,229.97,276.65,242.7,237.2
abril 2013,247.92,269.17,256.01,334.37,238.34,252.17,367.44,259.88,238.07,212.9,226.06,243.32,239.8,281.66,272.12,242.66,272.6,217.82,309.95,228.57,252.66,309.9,216.8,255.28,204.54,232.48,246.63,258.66,228.56,275.49,242.31,239.03
mayo 2013,249.77,271.46,258.89,329.98,241.62,252.62,367.1,264.38,239.05,214.47,231.08,244.22,241.74,278.88,275.45,243.61,285.47,218.52,314.47,230.88,256.29,313.24,216.55,259.76,209.05,236.78,247.51,260.54,231.93,278.65,244.65,242.53
junio 2013,249.31,270.77,259.41,330.75,241.13,252.32,365.75,264.04,236.67,213.35,229.78,242.25,241.14,279.85,274.76,243.94,285.46,219.98,313.14,231.31,255.56,311.77,215.42,261.17,209.05,236.7,246.77,260.13,230.6,279.98,244.52,243.92
julio 2013,253.61,272.02,261.68,334.84,242.02,254.47,367.07,269.56,247.33,219.67,228.84,248.49,246.22,280.27,276.59,249.15,278.45,222.07,311.88,233.5,258.22,311.65,219.87,263.72,212.41,240.98,250.99,260.49,235.95,293.45,244.52,254.18
agosto 2013,253.46,271.29,260.62,333.99,240.34,253.79,366.98,269.28,249.13,220.83,229.33,249.27,245.03,280.74,275.11,249.72,277.86,224.2,311.36,233.59,258.87,310.78,219.95,261.85,211.39,241.08,250.78,259.45,235.15,291.83,243.91,254.66
septiembre 2013,248.65,268.23,256.42,334.47,238.08,250.48,364.25,267.16,243.25,217.23,227.13,238.27,242.13,283.05,270.78,246.35,275.93,221.48,309.18,231.58,254.02,308.67,216.86,260.04,208.31,235.88,248.22,258.32,228.3,280.67,241.73,243.48
octubre 2013,249.37,268.12,255.9,336.58,238.4,250.47,362.79,265.99,241.17,217.0,226.81,239.56,241.79,278.75,270.37,245.64,275.45,220.9,308.4,231.31,253.86,308.02,215.89,259.33,205.12,234.96,245.37,256.89,227.88,279.51,242.57,242.95
noviembre 2013,249.84,269.76,257.74,345.24,239.5,251.81,360.87,269.05,241.05,216.05,227.98,237.34,243.1,280.91,270.37,244.2,272.76,221.57,310.06,228.94,257.87,310.29,213.98,260.23,205.4,235.42,247.88,258.35,226.38,289.92,242.26,243.8
diciembre 2013,250.56,273.24,261.03,345.53,239.29,253.35,363.48,270.63,235.2,217.41,228.91,235.49,244.05,281.96,271.89,243.71,273.06,220.38,311.68,229.2,258.41,313.54,213.18,261.64,203.89,237.13,250.73,259.69,230.96,287.36,243.56,244.25
enero 2014,264.99,280.22,272.04,366.92,249.48,259.05,383.24,279.22,245.5,227.33,240.01,251.82,258.48,290.54,286.72,255.97,285.74,229.14,320.8,240.6,268.75,322.71,222.81,272.57,212.54,244.31,263.93,266.86,247.5,310.12,251.64,251.39
febrero 2014,264.35,279.18,273.55,371.5,250.53,258.84,383.04,279.56,244.97,227.25,240.3,249.35,257.16,290.26,286.97,254.7,286.47,229.0,321.3,240.61,268.9,322.45,221.15,271.24,212.96,243.6,263.37,267.12,247.09,309.44,259.79,251.84
marzo 2014,258.21,275.79,268.36,374.06,248.79,261.52,379.5,276.4,243.66,225.32,237.86,245.98,255.2,291.8,282.96,253.18,287.05,227.1,321.14,236.83,263.78,322.52,225.42,269.1,211.73,241.59,263.3,270.55,238.9,294.5,258.92,251.04
abril 2014,258.28,276.69,267.13,384.8,249.56,261.78,379.82,276.28,246.11,226.04,238.32,245.48,254.77,292.62,283.74,252.89,288.53,227.18,321.43,237.04,264.37,322.99,224.92,270.11,214.55,243.18,264.94,271.4,239.63,293.94,258.73,251.65
mayo 2014,262.0,278.34,269.72,391.63,255.42,263.37,380.56,279.84,247.16,226.16,243.24,248.41,255.16,289.56,287.25,254.76,296.43,227.07,326.04,240.69,266.64,326.38,224.05,273.54,218.63,247.49,267.0,272.83,243.64,297.43,259.87,252.65
junio 2014,261.87,277.46,270.49,391.51,253.79,262.76,379.53,278.91,249.11,226.47,240.47,247.49,253.99,290.67,287.41,254.43,299.0,226.25,324.79,240.13,266.71,325.83,222.47,275.07,218.65,247.93,265.8,272.34,240.56,296.74,259.53,252.52
julio 2014,266.0,279.24,271.26,396.81,256.4,265.77,380.78,285.14,258.28,232.79,242.18,257.59,257.77,291.73,290.27,259.93,294.21,232.92,325.45,243.54,271.26,326.92,227.41,279.9,222.78,253.99,269.62,275.1,248.0,317.43,259.77,266.59
agosto 2014,264.04,277.81,270.78,394.83,254.97,264.13,380.04,284.14,259.05,230.69,241.43,258.15,257.46,292.39,288.9,260.67,293.54,234.96,324.71,243.31,270.97,326.02,226.74,278.84,222.28,253.15,268.15,272.6,246.23,314.47,259.13,265.77
septiembre 2014,259.57,273.79,270.98,392.68,253.33,260.73,378.42,280.71,249.6,226.39,237.01,247.91,253.6,294.83,283.6,255.71,291.33,230.86,322.13,239.92,267.09,323.02,223.29,273.53,216.76,249.51,266.78,272.3,237.46,300.24,257.44,252.54
octubre 2014,258.91,273.2,271.7,391.43,253.92,260.08,376.42,279.21,250.14,225.38,236.55,246.85,252.53,291.05,282.67,255.17,289.91,230.12,320.92,239.37,266.18,321.33,222.1,272.66,214.26,248.03,264.09,271.34,235.63,298.19,256.36,252.89
noviembre 2014,260.7,280.98,276.32,395.68,256.43,263.03,376.49,282.33,251.87,227.16,238.32,249.19,254.43,292.2,284.06,255.48,289.74,231.44,323.57,241.64,273.14,323.25,221.95,274.62,215.46,251.14,266.46,273.3,238.2,303.01,258.15,256.37
diciembre 2014,261.9,280.7,278.65,397.85,255.04,263.74,378.38,284.16,249.59,227.53,238.22,246.71,255.15,292.18,285.73,254.79,289.75,229.59,325.92,239.76,272.7,325.4,221.69,274.75,214.47,251.43,267.35,274.99,242.15,300.35,259.47,257.47
enero 2015,277.97,286.7,287.96,408.6,264.39,270.32,396.41,294.1,257.69,238.61,248.24,258.85,267.14,300.89,299.64,263.52,302.56,238.37,334.3,250.72,279.78,336.2,231.15,284.01,223.04,259.06,280.99,279.88,261.36,336.65,268.17,261.99
febrero 2015,277.4,285.86,285.77,408.13,264.15,270.63,395.05,293.68,258.13,237.17,249.06,259.5,266.95,301.39,298.87,262.45,302.93,238.01,334.36,249.95,279.03,335.85,230.35,284.14,223.35,256.82,279.14,278.93,259.93,336.57,267.4,260.86
marzo 2015,270.11,284.72,278.85,398.16,263.88,272.65,395.25,289.65,254.44,233.77,247.57,256.45,263.08,302.79,294.37,262.0,299.62,238.16,335.69,245.81,275.52,336.15,233.57,282.62,220.86,256.71,275.42,281.47,249.42,302.92,266.04,263.04
abril 2015,270.58,284.14,276.56,398.67,263.06,273.2,395.13,289.44,256.44,233.86,248.5,256.5,262.03,302.56,294.11,261.28,302.27,237.67,336.01,244.92,275.88,337.1,233.39,283.36,222.65,256.69,272.83,281.18,249.54,303.07,274.49,263.26
mayo 2015,275.12,288.31,280.24,403.59,272.09,276.0,396.37,295.12,258.36,236.58,253.17,258.9,264.16,300.18,300.2,263.54,312.18,237.07,342.14,249.62,279.46,343.23,232.4,290.08,230.96,260.71,275.81,282.55,253.62,306.93,275.27,266.26
junio 2015,274.41,286.71,282.19,399.29,266.85,274.64,394.07,293.8,259.26,235.04,251.56,256.89,263.06,300.83,298.59,263.74,311.24,235.12,340.29,250.75,277.8,341.39,231.29,291.51,230.5,260.16,272.98,281.89,250.98,307.69,274.33,264.97
julio 2015,279.38,289.34,286.81,399.15,268.97,277.25,394.43,299.32,268.18,241.42,255.58,264.98,269.53,305.69,300.71,270.06,305.82,242.48,341.35,254.01,283.15,341.02,236.81,298.73,231.86,266.15,279.51,283.97,254.04,335.39,273.22,295.09
agosto 2015,278.33,287.44,283.53,396.98,272.05,276.26,393.47,297.91,268.89,239.45,254.92,266.29,268.1,309.08,300.38,271.9,306.49,243.12,340.81,252.99,282.6,339.51,235.15,297.73,230.91,265.51,276.5,281.78,255.09,333.26,272.07,293.7
septiembre 2015,271.74,289.02,277.87,391.76,269.55,274.33,391.92,293.58,261.65,234.45,248.65,256.14,265.55,303.04,296.04,266.24,302.65,240.34,338.25,250.38,277.4,337.9,232.37,290.46,225.72,259.2,270.95,279.23,251.34,312.47,269.47,264.23
octubre 2015,271.35,288.3,276.87,391.84,271.52,273.77,390.38,292.78,261.73,233.4,248.41,254.18,265.11,302.39,294.7,265.11,301.89,237.56,337.5,249.18,277.28,335.03,230.76,290.36,224.5,258.13,268.94,278.8,250.75,310.84,269.87,264.07
noviembre 2015,273.88,290.58,279.63,390.06,276.18,279.02,389.39,295.79,261.24,235.41,251.63,255.59,266.3,304.14,296.19,265.46,301.89,237.93,339.32,249.18,284.57,336.85,229.97,290.81,224.69,260.85,269.6,280.23,251.86,315.67,272.19,268.93
diciembre 2015,274.3,294.73,284.64,393.64,271.47,280.22,392.02,298.27,259.18,236.55,251.66,254.0,267.91,301.1,299.32,263.43,301.86,235.74,341.59,247.72,284.44,338.39,231.47,291.19,222.03,262.35,270.58,282.05,254.9,310.49,273.07,268.05
enero 2016,288.1,303.64,298.45,411.07,283.17,285.44,410.19,307.53,267.43,245.14,261.01,268.1,280.7,310.02,312.97,272.48,320.53,246.34,348.49,259.88,291.69,347.81,240.62,300.04,229.63,270.39,281.28,289.13,272.22,337.08,281.03,275.37
febrero 2016,287.57,302.64,296.54,409.24,283.74,285.59,409.0,307.53,265.86,244.5,261.01,268.49,279.91,310.8,312.32,271.02,320.22,245.36,347.72,259.37,291.59,348.07,238.99,299.13,230.47,269.32,278.9,288.46,272.79,336.65,280.05,274.75
marzo 2016,282.82,302.54,294.04,400.14,280.98,289.15,407.19,303.99,265.52,241.77,260.3,263.09,275.62,313.86,308.24,268.11,311.29,245.58,349.46,253.33,286.58,347.79,241.27,298.73,228.84,268.73,274.11,291.37,260.96,311.03,278.85,276.19
abril 2016,282.81,302.76,290.3,394.68,280.32,288.82,406.03,303.18,266.34,241.09,259.94,263.5,273.37,312.36,307.04,267.03,311.72,245.78,348.99,252.42,285.45,347.73,239.83,299.07,229.33,268.09,270.94,291.46,260.11,308.96,277.98,275.74
mayo 2016,288.78,306.14,291.33,397.42,283.75,294.43,411.76,310.98,267.93,244.52,264.94,267.16,276.55,312.32,312.3,271.99,324.82,248.45,355.13,255.06,290.42,355.58,241.76,306.59,237.62,271.77,274.0,294.87,263.87,311.8,282.26,281.37
junio 2016,286.98,304.83,292.96,392.95,282.87,293.47,410.3,309.07,269.98,244.13,262.82,267.33,275.91,313.23,311.39,270.54,323.62,247.2,353.66,257.35,289.44,353.69,240.07,307.89,238.25,272.15,272.28,293.4,262.97,313.22,282.89,280.11
julio 2016,292.63,309.42,295.24,386.29,290.28,297.16,408.26,312.39,277.98,248.78,266.85,267.59,279.4,314.44,313.77,283.07,317.71,252.74,353.15,260.51,296.55,354.74,242.99,313.89,239.5,275.84,273.89,296.29,270.21,331.26,282.46,318.7
agosto 2016,291.99,307.74,293.22,380.34,282.23,295.97,407.29,309.85,276.88,248.1,266.31,269.8,278.75,316.66,312.79,282.55,315.63,252.52,352.36,260.77,295.31,353.17,241.23,312.6,239.38,275.08,272.98,294.52,267.58,329.56,282.05,318.02
septiembre 2016,287.81,307.19,288.79,377.19,280.65,294.6,404.02,309.45,271.37,248.59,260.9,261.72,273.03,314.75,307.63,275.04,311.85,250.38,350.6,255.26,286.34,351.04,238.11,304.75,234.42,270.73,264.56,292.54,260.88,311.52,280.51,281.89
octubre 2016,287.14,306.46,285.01,376.42,282.21,294.19,401.99,309.18,269.03,247.47,260.75,259.17,271.79,312.49,306.65,276.57,309.91,248.97,349.14,254.37,284.84,350.05,236.02,304.6,231.86,268.58,263.47,291.91,261.13,310.69,279.65,281.37
noviembre 2016,293.83,311.18,289.65,376.05,282.55,298.98,400.97,311.65,269.41,245.72,265.34,261.41,273.58,315.6,307.91,273.95,309.74,249.8,352.75,255.43,291.86,352.56,236.57,306.17,232.26,272.54,265.54,293.24,262.44,319.32,279.77,284.53
diciembre 2016,293.95,315.65,294.1,376.38,281.93,300.36,403.44,314.44,267.7,246.32,266.28,257.36,274.36,316.2,309.26,273.66,309.79,246.8,355.32,254.16,292.11,356.14,238.01,306.99,230.8,272.33,266.99,295.57,264.11,316.21,281.86,284.98
enero 2017,306.92,323.97,310.0,394.73,293.42,307.7,418.9,325.69,278.51,258.38,277.81,274.61,288.83,325.22,325.8,285.06,329.95,258.45,363.12,267.29,303.87,364.06,248.04,318.07,242.64,285.25,281.39,303.49,281.73,344.57,293.16,295.73
febrero 2017,307.38,324.12,308.75,397.12,292.03,308.34,419.57,325.89,280.0,258.51,278.36,274.32,289.59,325.9,325.82,285.05,330.51,257.43,363.94,267.99,304.17,364.41,247.17,318.03,243.39,284.91,281.84,304.39,280.89,344.82,292.19,295.71
marzo 2017,302.58,324.14,307.43,393.12,288.06,314.22,418.44,320.53,277.04,257.6,277.41,271.71,286.34,326.36,320.83,282.56,322.75,255.09,365.56,263.07,299.11,366.38,252.13,318.73,242.62,284.89,279.5,309.99,271.68,320.31,290.06,297.4
abril 2017,303.47,324.73,306.4,390.64,287.91,315.1,418.96,320.91,279.5,258.3,278.59,270.38,287.35,327.59,320.67,282.81,324.24,255.77,366.59,263.91,298.66,366.34,251.41,319.48,242.6,284.63,279.24,310.21,272.11,320.32,289.74,297.24
mayo 2017,310.5,329.73,307.7,393.23,292.12,318.02,425.19,329.21,282.05,262.92,284.83,274.73,291.6,328.39,326.69,285.98,335.29,261.3,374.49,265.75,304.83,375.6,252.11,327.12,250.57,289.46,284.09,312.38,279.06,325.57,295.5,302.98
junio 2017,308.97,327.6,304.61,392.34,290.79,316.5,424.02,327.74,280.55,260.46,282.94,271.49,287.93,327.24,324.79,285.07,332.68,261.47,372.73,266.55,303.06,373.58,249.11,327.74,249.97,289.22,282.19,310.97,278.42,326.98,294.3,301.45
julio 2017,316.87,332.15,307.04,390.99,294.48,317.85,421.98,333.57,289.47,264.32,287.82,274.83,294.62,330.58,326.41,293.37,331.05,264.44,371.79,271.83,307.61,375.31,251.53,335.47,251.86,292.6,283.01,316.17,285.23,347.62,292.44,336.11
agosto 2017,315.99,330.26,306.79,387.33,293.54,316.36,421.32,331.7,287.03,263.85,287.56,275.41,292.02,329.57,324.7,292.43,330.01,264.84,370.89,270.52,308.11,373.76,247.94,335.08,250.5,291.26,283.77,314.29,284.65,346.14,291.32,336.08
septiembre 2017,305.98,327.35,302.71,386.54,291.29,314.41,420.24,327.62,279.89,265.11,280.8,269.87,286.02,330.92,320.04,285.47,324.25,261.43,369.48,267.69,302.55,372.23,247.1,328.94,244.05,288.01,278.98,311.08,279.62,326.08,288.72,304.73
octubre 2017,305.23,327.8,300.27,383.28,290.51,314.41,419.36,326.11,279.33,264.59,280.12,268.89,284.99,329.48,318.53,282.81,323.41,260.52,369.01,265.92,301.25,370.11,245.1,329.2,242.17,286.73,278.9,310.88,279.55,325.16,288.53,303.83
noviembre 2017,307.73,331.13,302.33,381.57,288.89,317.46,419.4,328.75,279.89,261.63,282.54,267.27,284.8,332.36,319.9,280.79,327.15,261.6,371.19,267.41,305.92,373.78,245.5,330.4,242.67,288.43,279.56,311.33,282.44,334.64,289.64,306.44
diciembre 2017,312.18,335.6,308.2,381.91,292.14,320.98,424.18,333.23,283.7,264.19,284.62,268.19,288.01,334.3,322.75,282.92,327.99,262.36,375.03,269.26,308.0,377.79,249.5,333.41,244.82,291.75,282.34,315.85,285.07,335.23,293.2,307.75
enero 2018,327.79,343.58,320.07,397.78,304.96,328.18,440.32,344.45,293.09,277.89,295.76,288.83,301.83,342.42,338.9,293.58,344.75,272.84,382.7,282.68,315.51,389.27,257.59,341.9,255.82,301.15,296.4,323.23,303.46,360.65,301.45,316.82
febrero 2018,328.41,343.96,319.77,399.29,304.39,328.55,443.89,345.44,293.95,277.55,297.34,287.1,302.59,343.2,340.09,293.4,345.52,272.95,384.68,283.17,316.38,391.51,257.01,342.23,256.58,301.08,297.14,323.7,304.14,361.66,301.77,314.65
marzo 2018,324.57,344.39,319.85,396.26,301.67,334.22,445.3,343.59,294.48,273.36,298.29,284.69,298.94,347.27,336.78,292.84,338.19,273.74,388.88,277.66,312.76,392.35,261.46,344.69,255.26,303.27,297.71,331.01,294.61,338.71,300.98,317.71
abril 2018,324.51,345.78,316.57,396.09,300.48,334.42,443.92,343.28,297.13,273.12,298.6,285.62,299.29,347.67,336.98,294.39,339.21,273.22,389.63,279.33,312.42,391.93,259.5,346.63,256.71,302.15,296.51,331.37,294.0,337.2,300.67,318.1
mayo 2018,334.1,349.6,317.05,398.51,300.74,338.17,448.19,355.36,298.2,277.06,304.35,285.83,301.61,346.23,342.44,297.98,351.05,273.05,396.64,280.86,316.67,400.39,260.52,354.29,262.48,306.12,298.38,334.16,298.02,341.23,305.46,323.75
junio 2018,333.73,349.18,318.12,397.66,301.27,337.39,447.3,354.82,297.22,276.25,303.17,283.39,301.15,345.99,342.19,297.51,349.65,273.38,395.76,283.0,315.55,399.88,260.01,357.01,262.65,305.85,297.34,333.5,295.58,343.33,304.2,321.79
julio 2018,338.84,351.62,320.79,397.81,304.92,341.92,446.34,356.87,306.65,280.51,309.96,295.23,307.9,350.72,344.85,307.72,347.72,278.75,395.74,288.23,321.32,401.07,261.92,362.31,266.16,311.84,301.04,335.81,305.63,368.41,304.43,357.89
agosto 2018,337.67,348.54,319.07,394.7,303.79,340.01,445.47,355.24,304.82,280.22,309.72,295.72,306.22,349.54,343.17,306.67,345.59,278.75,394.13,287.59,321.27,400.2,260.77,361.27,264.99,310.97,299.94,333.84,304.97,365.67,303.19,355.57
septiembre 2018,330.08,348.34,319.38,398.71,310.87,337.1,443.41,352.39,298.17,277.73,302.6,283.17,301.79,345.45,337.46,299.04,340.21,277.19,393.74,284.53,314.41,397.64,260.43,355.0,258.66,304.96,296.98,333.97,297.17,344.29,300.54,323.49
octubre 2018,329.39,347.44,314.46,397.93,301.95,336.59,441.94,351.59,297.54,277.28,301.66,286.41,301.07,344.35,336.74,297.05,337.59,265.21,392.37,284.97,313.43,396.33,259.92,355.59,257.94,303.96,297.85,332.27,296.03,343.65,299.59,322.62
noviembre 2018,332.5,351.89,315.91,401.82,303.82,340.39,441.43,355.65,297.03,276.61,303.71,283.89,303.94,346.51,339.79,296.23,338.81,265.36,394.68,281.72,318.75,399.74,259.62,357.55,257.78,307.33,299.36,334.88,295.79,353.86,303.92,327.01
diciembre 2018,334.06,355.44,319.02,402.34,302.98,343.59,444.27,358.27,296.55,278.19,304.33,285.91,305.99,347.36,341.64,296.37,338.43,265.29,397.12,281.96,319.46,402.99,263.11,359.3,257.11,309.68,301.56,337.52,297.28,350.25,304.05,326.91
enero 2019,352.67,388.39,336.81,420.88,318.73,365.19,463.72,376.58,310.67,291.5,319.35,309.45,323.27,361.87,362.49,310.32,358.51,283.57,407.9,298.84,332.35,417.68,279.27,370.24,270.17,328.33,319.2,361.22,317.64,381.46,316.29,337.11
febrero 2019,354.19,389.06,336.13,421.12,318.14,366.8,466.45,378.31,312.89,291.95,320.3,309.49,323.77,363.24,362.94,309.42,359.22,283.52,409.68,300.11,332.89,418.89,280.18,371.49,271.69,329.59,320.02,364.65,318.86,381.76,315.73,337.05
marzo 2019,347.19,389.24,333.46,415.13,315.58,370.25,468.18,374.11,309.67,289.92,319.99,307.49,318.21,366.41,353.37,309.31,353.06,290.42,412.34,293.65,327.6,415.55,284.11,374.6,269.73,329.44,321.15,383.19,308.79,360.87,314.13,339.8
abril 2019,349.01,390.2,334.12,416.37,315.97,371.44,469.35,375.89,319.74,290.64,320.76,305.49,318.43,366.99,353.17,309.95,355.47,290.36,413.55,295.41,328.03,416.09,283.4,376.77,270.54,329.62,322.74,383.74,309.37,361.15,314.87,341.44
mayo 2019,355.94,395.78,336.63,418.45,317.12,374.28,471.65,383.28,327.29,295.23,325.62,310.19,319.78,367.13,356.97,312.79,369.47,293.63,419.52,296.27,332.07,424.68,283.72,385.57,276.76,334.99,326.07,377.87,311.15,363.6,318.85,344.49
junio 2019,354.74,393.84,336.16,416.49,316.59,373.75,470.61,382.18,326.63,294.0,324.28,308.99,318.23,367.39,355.93,312.76,365.04,293.39,418.82,295.95,330.47,423.05,282.5,385.1,276.21,334.3,321.72,377.14,309.75,362.68,317.19,341.71
julio 2019,372.65,398.05,341.51,419.16,320.37,376.14,469.25,387.05,329.81,297.74,330.21,311.81,325.01,370.18,359.62,322.77,363.97,299.81,418.96,305.37,338.87,422.84,286.03,390.6,279.38,340.03,327.35,386.23,321.35,381.72,319.27,363.84
agosto 2019,371.45,396.37,338.84,418.72,318.92,374.15,468.55,384.88,329.15,297.33,329.91,311.81,324.25,370.24,358.39,322.32,361.68,298.28,417.92,303.36,338.19,421.69,284.55,391.21,279.1,338.85,325.62,383.17,321.1,378.89,318.04,362.43
septiembre 2019,355.47,394.25,333.49,419.07,319.7,370.71,466.12,379.49,322.38,295.7,322.22,303.12,317.21,363.95,352.21,314.35,355.48,293.88,414.75,296.35,327.57,418.45,281.58,381.82,272.51,332.73,324.54,376.63,312.2,369.63,314.48,354.9
octubre 2019,353.26,395.06,331.39,417.69,317.89,370.43,464.41,378.55,322.13,294.61,321.33,301.89,316.37,362.75,351.52,311.67,353.94,293.05,413.91,295.93,327.0,417.82,280.67,380.94,270.86,330.82,324.64,374.45,311.02,366.85,314.78,353.63
noviembre 2019,355.39,397.24,337.24,422.99,334.74,372.47,466.63,379.4,325.28,295.72,323.41,303.6,317.65,367.62,352.33,310.12,357.84,292.35,417.28,296.3,333.92,419.54,283.43,383.78,274.35,336.83,329.5,372.96,311.16,371.07,317.31,344.18
diciembre 2019,358.43,402.11,344.54,427.71,323.67,374.6,471.43,382.42,322.81,298.03,325.48,302.74,317.36,369.89,354.2,310.44,357.37,294.69,421.57,295.32,336.53,423.14,285.87,385.61,273.46,337.8,332.18,376.49,312.36,369.57,318.9,344.3
enero 2020,388.46,412.65,364.92,450.46,339.84,387.85,495.65,397.67,340.13,315.14,342.35,327.62,338.82,386.65,375.63,325.96,373.44,310.57,431.7,313.2,351.04,444.34,303.4,398.73,290.08,352.46,354.31,390.4,335.99,403.33,334.07,361.48
febrero 2020,390.78,412.6,366.36,454.08,338.92,389.44,498.56,398.9,341.5,314.58,343.11,328.59,339.03,387.35,376.79,325.45,373.48,309.83,433.98,313.85,352.66,444.65,304.49,412.93,291.1,351.95,356.02,391.55,337.3,402.82,336.29,361.01
marzo 2020,387.63,413.2,372.67,448.64,342.26,393.75,501.89,395.87,340.43,313.9,344.32,332.39,335.84,394.42,374.97,328.01,373.16,315.39,439.86,311.79,350.24,442.86,320.85,419.42,290.23,354.54,357.89,395.13,327.13,379.84,337.55,360.2
abril 2020,392.64,416.66,373.69,449.95,342.49,396.35,510.07,399.42,342.68,316.18,346.08,335.2,336.98,397.42,378.53,329.16,376.57,316.94,447.32,315.79,353.07,448.44,328.12,424.07,294.01,354.63,360.22,398.17,327.71,384.22,343.06,362.22
mayo 2020,399.07,420.27,375.05,456.18,344.24,399.98,515.88,405.23,348.01,318.73,347.11,336.42,340.24,394.88,385.19,334.31,392.46,319.11,454.09,318.76,356.28,455.35,327.69,428.93,300.8,361.8,363.49,396.44,332.62,391.47,347.67,365.6
junio 2020,398.62,416.94,373.33,452.94,345.35,398.13,514.97,405.44,347.54,318.25,347.17,334.78,340.04,395.54,383.49,333.63,393.73,319.44,451.44,320.97,356.94,453.62,322.2,429.04,303.87,360.03,363.92,395.05,332.65,391.4,347.03,364.83
julio 2020,402.44,420.13,371.84,453.51,344.19,397.56,504.15,405.56,352.23,319.26,347.28,331.81,341.19,398.09,382.94,334.44,383.34,320.19,442.32,322.37,361.84,444.01,313.84,425.75,306.1,362.62,360.62,393.94,332.98,403.69,341.5,377.59
agosto 2020,400.3,418.25,369.37,450.79,346.34,394.79,503.75,404.23,355.66,318.76,347.44,330.86,340.66,396.88,382.0,333.71,384.35,320.35,439.74,321.87,363.33,441.36,314.16,423.98,305.13,361.23,356.5,391.2,333.31,404.11,342.02,375.93
septiembre 2020,388.44,421.82,367.34,451.86,346.36,395.9,504.25,403.26,349.88,318.98,345.83,336.24,337.57,392.0,381.0,340.71,378.76,316.67,440.77,321.03,358.01,443.48,314.09,420.96,298.7,355.23,355.52,396.38,331.19,394.46,341.86,373.54
octubre 2020,382.6,419.82,365.98,452.0,358.45,395.02,501.94,401.77,348.89,317.67,345.64,335.27,336.38,390.64,379.95,339.03,377.26,318.34,441.76,320.9,357.09,441.98,313.83,420.5,296.28,355.92,355.52,394.95,330.69,393.67,342.97,373.06
noviembre 2020,388.45,427.99,374.7,455.37,351.14,400.5,504.49,403.49,350.63,320.01,348.36,335.33,341.69,396.18,381.82,333.3,378.76,320.31,447.62,323.0,367.81,445.55,317.13,424.74,298.46,359.92,355.57,400.03,335.12,403.06,346.26,365.75
diciembre 2020,391.58,431.49,383.33,461.05,352.42,403.18,509.73,406.13,360.09,322.47,349.62,335.56,343.13,398.34,383.84,333.27,380.0,319.65,450.81,321.98,369.94,448.42,320.58,427.03,298.25,362.51,357.16,403.1,336.59,400.16,346.58,366.94
enero 2021,427.4,450.5,403.07,490.29,366.93,421.11,536.42,424.87,377.98,341.1,367.8,359.33,362.62,415.63,410.1,351.55,402.95,340.14,462.61,342.86,383.4,471.56,346.76,441.52,314.9,381.29,379.78,420.58,366.46,437.02,364.02,383.93
febrero 2021,427.7,450.17,404.87,491.23,363.66,422.46,540.49,426.04,377.17,340.8,369.01,359.02,363.81,416.16,410.84,351.21,403.2,339.39,464.49,341.86,383.93,472.14,346.97,442.31,314.82,381.21,379.36,420.76,364.59,437.64,363.04,384.52
marzo 2021,421.45,449.74,399.76,485.94,362.89,424.23,539.19,421.38,376.22,337.98,366.61,354.23,357.69,421.28,402.94,350.8,400.51,334.81,465.04,338.43,378.04,467.54,343.42,441.93,315.17,381.0,377.49,431.19,349.62,412.65,360.53,381.77
abril 2021,419.54,450.13,398.02,482.36,365.28,423.93,540.55,421.53,377.9,337.05,367.04,353.9,358.81,421.11,402.54,351.79,401.78,332.96,465.56,337.25,378.21,467.74,342.55,444.13,316.28,379.55,376.4,431.79,349.46,411.54,359.86,382.07
mayo 2021,426.49,451.92,397.94,492.79,369.72,427.15,546.39,429.32,382.2,340.38,372.77,358.65,363.75,419.28,410.33,356.4,417.45,336.15,476.67,340.5,383.62,477.65,347.04,450.29,326.8,386.32,384.74,427.61,352.43,417.28,365.92,382.27
junio 2021,423.96,451.17,396.22,487.84,367.46,426.94,546.56,427.59,380.43,339.51,370.7,355.27,361.43,418.48,409.32,354.82,413.14,333.76,475.32,340.55,381.3,476.73,344.13,450.38,329.11,387.0,382.22,425.88,351.07,414.76,362.63,382.05
julio 2021,431.7,458.53,405.17,493.19,366.82,427.47,544.54,438.01,387.67,347.63,378.0,357.08,365.06,422.96,407.7,366.82,405.84,336.3,474.36,346.43,390.4,476.32,350.02,455.65,329.96,391.38,393.29,428.18,361.56,429.41,364.96,418.3
agosto 2021,430.18,456.22,406.11,481.52,364.76,425.87,546.35,436.23,385.68,343.23,376.64,354.38,362.29,422.76,404.77,365.79,402.57,337.22,471.73,344.16,388.96,475.69,348.67,454.15,330.25,389.86,390.08,425.24,359.78,426.16,362.79,423.13
septiembre 2021,416.63,456.29,409.4,479.63,362.35,423.94,555.2,427.39,380.0,336.51,367.9,356.96,360.86,421.87,401.12,355.3,393.92,340.62,471.88,341.02,377.72,475.19,357.8,444.37,323.16,382.02,391.37,422.48,347.92,415.93,362.44,388.5
octubre 2021,417.91,455.93,405.7,481.43,375.75,424.06,555.23,427.62,380.8,335.83,367.23,354.25,359.94,421.71,400.54,355.34,393.88,340.25,471.63,341.51,378.52,474.87,355.29,444.92,321.78,382.4,392.58,422.71,349.49,415.77,363.47,389.0
noviembre 2021,418.59,464.09,415.62,481.51,364.79,428.84,558.18,428.69,383.16,338.28,368.41,350.67,362.89,426.14,404.45,360.03,394.78,341.89,476.56,341.45,386.0,480.76,358.15,446.15,323.99,387.95,409.88,426.27,349.48,420.82,365.3,392.33
diciembre 2021,420.58,470.21,422.73,486.95,366.87,432.98,561.99,431.87,383.3,340.9,370.21,347.18,363.04,428.93,407.25,361.35,395.07,343.81,480.8,341.24,386.85,484.44,360.56,448.6,323.69,391.64,412.23,431.79,351.82,418.63,366.59,393.45
enero 2022,450.91,504.92,458.56,520.4,397.99,462.84,595.84,458.13,409.65,367.4,395.48,387.92,391.59,453.39,435.74,383.34,425.95,373.34,500.87,373.3,408.67,505.78,394.15,470.33,347.57,418.9,445.01,459.98,389.72,463.37,391.98,418.49
febrero 2022,454.75,507.86,460.7,525.5,397.71,465.97,604.14,460.92,412.76,369.83,397.65,387.62,394.01,456.82,438.56,384.7,426.47,374.53,505.95,374.18,410.13,507.81,394.5,473.39,351.0,421.84,448.29,463.26,390.2,466.75,393.54,421.24
marzo 2022,453.21,512.82,460.58,525.73,394.64,477.19,607.03,459.96,412.65,369.39,398.98,384.12,390.67,460.63,435.19,385.82,424.4,375.32,510.65,370.04,410.25,512.33,402.2,478.03,349.97,425.86,455.05,489.82,376.42,440.81,392.38,420.35
abril 2022,452.54,514.58,457.92,526.13,395.08,478.08,609.28,461.72,416.26,370.19,401.26,384.56,391.86,462.54,435.82,386.96,425.06,374.59,514.55,372.43,411.12,514.55,400.96,480.14,351.01,425.77,453.8,491.45,376.68,440.23,392.62,421.44
mayo 2022,459.51,523.56,463.32,540.99,398.27,481.2,614.38,472.33,420.93,374.23,409.05,387.17,398.32,467.51,444.75,390.78,434.96,381.62,526.32,376.17,415.93,523.6,404.78,488.32,360.04,432.51,461.8,479.93,385.25,446.41,401.35,425.5
junio 2022,459.86,521.79,461.49,542.82,397.58,480.27,614.11,472.69,420.51,373.41,408.09,385.34,399.05,467.44,443.0,390.81,433.99,382.66,525.27,376.5,414.42,524.08,403.22,489.33,363.3,431.7,459.39,480.08,384.52,446.53,400.54,425.64
julio 2022,477.9,524.53,464.65,544.05,402.69,483.64,612.99,481.66,432.05,381.14,414.48,391.78,402.83,473.57,447.65,394.91,432.6,382.8,532.14,380.55,418.83,526.47,413.15,497.23,365.57,452.58,464.59,482.92,385.94,465.2,399.27,442.93
agosto 2022,476.59,522.72,460.58,543.96,401.18,481.74,612.57,479.72,430.56,380.29,414.14,392.18,401.55,472.56,447.81,392.53,432.05,382.26,530.74,378.24,418.35,525.51,410.47,495.93,365.63,452.28,459.28,480.01,386.37,464.4,398.39,446.49
septiembre 2022,455.92,523.26,451.01,540.97,401.12,483.51,611.29,472.72,420.19,376.11,407.25,383.23,400.21,473.87,440.87,400.91,425.93,377.76,525.12,375.37,416.08,523.12,409.19,487.66,360.72,433.28,460.81,475.77,384.17,454.39,401.27,445.49
octubre 2022,455.49,522.39,449.82,539.22,401.6,482.85,610.66,472.65,423.51,375.92,407.24,380.29,399.8,472.81,440.71,398.93,425.22,377.65,524.57,375.07,415.31,521.93,406.51,488.04,358.84,432.65,458.72,475.62,383.38,453.71,401.39,445.81
noviembre 2022,460.96,531.8,454.01,548.15,424.29,489.37,612.29,476.33,423.02,379.06,411.07,380.57,401.3,477.02,443.28,392.96,427.02,378.38,530.08,373.89,424.3,526.64,409.12,491.51,361.69,437.4,467.67,478.23,385.86,456.55,405.34,435.69
diciembre 2022,464.18,538.51,462.08,552.88,409.45,492.26,616.89,480.61,422.74,382.66,413.92,380.24,402.65,479.91,445.55,394.88,427.98,380.04,534.35,374.31,426.25,531.36,413.14,493.39,362.29,441.34,469.19,483.08,388.91,455.32,407.16,437.2
enero 2023,496.11,576.38,500.25,585.73,444.64,528.27,655.62,506.74,451.49,413.1,444.57,420.16,436.43,507.09,480.06,423.28,462.89,412.84,557.38,409.83,453.05,561.37,447.84,510.8,395.42,473.32,506.88,516.98,430.3,507.86,435.38,465.36
febrero 2023,500.0,579.75,502.8,593.58,443.96,532.12,664.19,510.35,452.86,414.69,446.38,419.75,438.65,510.21,484.2,424.58,464.15,412.2,564.34,411.72,455.37,566.2,448.41,513.73,399.58,477.99,505.56,520.64,431.8,510.22,435.71,465.68
marzo 2023,498.93,582.73,508.5,592.16,442.83,538.54,668.14,514.83,455.81,411.88,448.2,420.56,438.67,513.98,482.39,425.5,461.45,415.85,569.63,410.26,451.65,568.81,459.02,524.89,395.75,478.52,513.64,544.16,418.91,482.45,435.49,466.46
abril 2023,502.46,583.47,508.28,587.76,442.02,540.02,669.97,517.23,457.55,412.6,450.35,422.7,440.32,515.33,484.07,426.55,464.32,416.74,572.79,415.46,453.07,571.56,459.36,528.88,397.32,481.63,512.76,547.0,419.07,483.75,435.56,467.43
mayo 2023,515.22,592.3,509.34,604.09,445.48,545.42,674.39,526.55,461.95,422.31,458.71,429.43,444.9,519.97,492.41,430.77,478.38,423.24,585.97,421.12,461.69,583.64,461.86,539.35,405.61,495.52,524.38,541.3,429.01,491.71,444.66,469.61
junio 2023,514.46,591.44,508.18,601.38,443.55,544.15,674.03,526.05,461.33,422.82,457.08,426.89,444.43,518.89,492.07,431.42,476.92,421.47,585.84,421.44,461.28,583.42,459.22,539.84,406.91,492.57,518.45,541.17,426.58,490.78,444.32,477.64
julio 2023,525.78,592.49,511.82,607.05,445.68,547.08,671.34,531.43,465.1,428.87,462.83,430.63,446.96,521.39,491.7,435.24,472.62,420.35,585.98,425.43,466.17,583.67,468.53,545.98,412.29,492.39,518.08,541.12,430.86,516.14,442.8,503.69
agosto 2023,523.79,590.92,510.05,603.58,446.34,544.9,671.03,530.24,463.76,427.0,461.94,431.52,444.15,520.61,490.13,433.92,472.35,418.68,584.17,424.3,466.57,581.25,465.04,543.77,411.11,490.48,512.81,539.21,434.03,514.13,442.23,503.58
septiembre 2023,507.74,590.75,502.02,599.52,454.39,541.6,670.15,524.76,467.22,419.2,454.49,424.34,445.07,523.6,486.06,429.65,467.15,417.08,584.3,421.23,461.93,578.99,461.67,536.8,405.74,482.71,518.63,536.69,427.79,492.38,443.3,485.91
octubre 2023,507.99,590.81,501.58,598.28,445.24,540.63,669.49,523.54,468.13,418.76,454.48,424.37,444.43,523.06,485.73,429.29,467.13,417.42,583.54,420.99,461.95,577.94,459.77,537.25,405.76,482.19,512.81,537.59,427.61,490.98,443.65,486.32
noviembre 2023,508.82,596.7,503.21,597.85,452.72,544.62,670.33,526.56,468.65,422.05,457.45,430.38,447.97,526.76,487.49,434.31,469.05,417.42,588.49,421.49,470.63,582.71,462.87,543.0,404.09,489.76,517.11,536.42,426.66,501.22,447.38,497.74
diciembre 2023,512.55,601.7,510.06,603.53,455.64,549.02,674.34,529.75,469.93,425.62,459.59,433.5,448.94,529.11,490.54,436.57,469.6,421.24,592.85,422.85,470.96,586.67,465.13,547.94,405.82,492.31,517.1,540.39,427.5,500.58,449.21,498.52
enero 2024,549.38,647.2,549.0,654.98,506.96,587.99,715.64,555.65,499.29,460.03,491.49,480.3,485.91,558.65,527.52,465.04,513.47,457.9,615.88,466.12,502.7,615.59,498.58,571.74,443.22,529.07,548.69,582.99,474.32,559.02,484.7,522.28
febrero 2024,551.7,648.22,549.5,661.16,507.69,591.68,721.24,558.15,502.67,461.41,493.49,481.05,486.33,559.3,530.79,467.03,515.35,459.48,619.58,467.82,505.43,619.28,497.57,574.67,446.59,533.99,546.77,587.28,476.18,561.58,485.67,523.81
marzo 2024,542.79,651.0,554.02,656.81,488.47,597.0,724.92,562.34,502.27,459.07,494.17,469.67,492.14,563.56,527.55,465.47,508.01,461.39,624.71,461.65,501.64,623.08,514.99,579.16,444.03,532.92,540.17,607.35,461.73,532.49,482.44,520.26
abril 2024,545.28,652.21,551.15,652.12,483.56,597.99,725.46,563.61,505.32,458.16,495.7,469.55,490.2,564.91,528.18,466.12,510.72,459.66,626.53,460.95,502.32,625.07,512.04,582.57,445.01,532.51,537.16,609.41,462.34,533.0,481.96,521.21
mayo 2024,545.9,663.59,555.52,658.51,487.09,603.57,729.18,575.53,511.92,462.04,508.95,469.74,495.81,569.08,536.72,469.95,523.81,464.81,639.99,466.15,507.88,638.72,512.36,597.06,451.25,536.9,541.01,610.98,471.31,537.5,490.62,525.05
junio 2024,544.69,662.32,551.85,655.58,488.06,603.75,729.49,574.59,512.04,461.03,507.8,467.87,494.12,568.9,536.16,469.18,524.55,462.89,639.17,467.05,506.82,638.27,510.06,597.18,452.76,537.61,537.04,609.37,471.36,538.39,489.61,525.59
julio 2024,550.41,667.96,560.78,654.85,493.46,606.05,725.15,593.24,520.94,470.26,514.34,472.62,499.68,569.39,537.26,474.18,522.54,464.13,640.18,473.15,511.63,637.98,522.04,602.73,458.37,547.3,535.13,610.84,477.73,557.85,489.21,568.21
agosto 2024,548.37,666.26,559.11,644.74,494.22,605.14,724.37,591.65,522.19,470.03,513.96,470.16,495.94,568.53,535.6,473.31,520.78,463.49,638.62,472.45,511.07,637.41,518.6,599.96,457.47,546.22,532.2,608.97,478.02,556.35,488.98,567.46
septiembre 2024,534.27,660.53,546.77,642.11,489.16,601.21,723.31,576.56,511.85,465.43,502.35,472.82,494.02,559.75,528.79,479.82,518.2,459.15,636.46,471.19,504.76,629.0,510.13,588.82,452.06,537.53,529.32,601.3,470.81,555.94,485.85,537.58
octubre 2024,536.68,659.87,543.95,639.34,489.42,599.98,722.92,575.28,512.9,464.87,502.28,474.77,492.11,558.04,527.03,480.12,519.45,459.5,634.14,471.29,504.3,628.56,505.4,588.38,451.12,536.52,526.06,600.79,471.59,555.52,485.87,540.76
noviembre 2024,545.72,666.73,548.35,638.55,493.14,605.72,724.56,577.54,516.89,466.78,505.13,474.7,495.48,564.63,531.58,473.92,522.44,462.22,639.74,474.52,514.7,633.08,512.91,591.78,451.92,540.44,530.2,603.3,475.45,553.24,488.7,534.04
diciembre 2024,549.66,673.01,554.83,632.81,504.19,609.44,729.32,581.04,514.01,469.55,507.46,476.26,495.26,567.43,535.8,475.37,523.75,463.59,645.59,475.59,515.72,637.35,512.8,598.01,454.33,544.28,533.51,607.08,477.47,551.91,489.97,534.28
enero 2025,580.99,708.59,597.13,670.4,543.4,640.79,766.37,604.04,541.74,500.97,534.82,506.31,524.13,592.97,566.4,503.13,562.36,495.23,664.08,509.0,538.59,665.81,541.41,616.99,483.36,573.55,565.31,637.28,521.11,605.87,518.39,566.94
febrero 2025,581.52,710.24,596.49,669.43,543.45,645.15,770.8,605.27,542.77,501.5,535.81,502.27,525.05,594.95,568.22,504.64,562.47,492.74,667.89,508.47,540.02,668.64,540.13,613.69,486.43,577.55,562.97,640.14,520.75,606.99,519.17,569.07
marzo 2025,573.17,712.97,600.48,637.62,520.55,646.9,775.48,609.81,541.65,496.42,536.19,498.95,519.1,595.64,563.77,504.64,552.47,498.07,673.45,500.59,539.18,668.83,551.6,614.97,482.3,576.84,552.24,661.5,505.82,573.52,514.7,559.7
abril 2025,576.57,715.59,600.79,642.56,523.5,649.25,777.55,613.44,544.66,497.88,539.34,506.11,516.28,597.55,566.36,506.65,555.92,500.84,677.21,500.32,540.7,671.63,550.37,621.21,485.6,581.16,551.46,665.58,508.75,573.69,515.62,559.85
mayo 2025,594.34,726.22,602.52,659.3,528.79,659.1,778.52,622.43,548.65,504.94,551.06,511.02,522.93,606.86,573.42,514.14,569.86,504.04,694.45,506.26,546.97,683.44,549.15,636.99,493.81,587.05,551.9,668.55,518.57,580.66,522.42,561.5
junio 2025,595.11,725.83,599.23,645.79,526.83,657.62,777.94,622.66,550.5,503.4,549.36,508.99,519.57,606.43,572.51,512.6,568.38,501.14,692.81,504.78,546.29,683.22,544.71,635.74,494.49,585.94,549.35,666.86,518.58,578.37,521.41,561.65
julio 2025,603.01,729.2,603.95,630.08,533.28,661.33,762.55,636.01,564.1,507.76,556.56,510.62,520.61,612.3,568.2,522.95,564.59,502.18,692.33,510.15,553.32,689.34,555.46,650.14,497.38,601.04,555.32,665.68,519.37,599.47,525.05,611.87
agosto 2025,602.48,726.27,604.58,634.42,533.05,660.5,763.32,633.96,564.71,507.48,556.08,511.84,519.4,611.02,567.97,523.77,563.45,499.11,690.91,508.86,552.34,687.24,555.02,649.18,496.39,598.95,555.69,663.8,519.72,597.52,524.04,610.32
septiembre 2025,584.85,721.04,592.67,628.03,529.05,652.89,763.26,620.15,553.41,503.65,540.7,504.92,519.92,607.83,560.99,514.28,557.03,491.9,684.45,504.55,545.75,676.35,540.7,626.86,491.13,582.15,555.55,658.74,514.26,590.53,519.94,567.07
octubre 2025,584.66,719.89,590.36,659.0,531.88,652.73,756.69,619.6,554.06,503.62,540.48,505.28,520.16,606.66,558.21,516.27,557.48,494.15,683.04,506.08,545.64,673.56,536.28,627.1,491.08,581.99,552.92,657.92,514.12,590.22,519.81,563.21
noviembre 2025,592.78,723.76,590.98,661.29,536.63,657.52,752.89,622.69,560.9,504.24,545.24,506.91,521.49,611.21,563.41,516.47,559.31,496.32,687.52,509.8,554.05,677.93,539.31,630.44,493.07,585.8,558.43,660.48,513.97,596.46,522.18,563.1
diciembre 2025,596.99,728.59,600.94,669.5,533.34,661.83,755.04,626.9,557.95,508.18,548.07,509.16,524.35,613.39,565.87,517.02,560.07,498.18,693.03,510.82,557.21,681.97,543.41,635.86,494.4,589.05,557.6,663.05,510.44,596.75,524.55,563.52
enero 2026,635.62,753.36,643.56,712.76,586.17,689.02,799.59,652.69,589.63,546.16,580.39,555.83,563.66,642.75,608.03,549.26,597.86,535.12,716.11,548.07,584.55,713.53,584.21,663.78,530.15,622.03,599.78,688.08,569.36,657.68,559.77,597.04
